,eb0d,Aaron,Arão
,ecd7,Abaddon,Abadom
,ea96,Abel,Abel
,e35f,Abiathar,Abiatar
,e17b,abide,permanecer
,ea5b,Abijah,Abías
,ec4d,Abilene,Abilene
,e124,ability,habilidade
,ea6a,Abiud,Abiúde
,e0a4,abomination,abominação
,e11b,about,cerca_de
,e110,above,acima_de
,e373,Abraham,Abraâo
,ec4e,Abyss,Abismo
,e24d,according_to,de_acordo_com
,e055,accuse,acusar
,eb7c,Achaia,Acaia
,eca5,Achaicus,Acaico
,ea6e,Achim,Aquim
,ec4f,Adam,Adão
,ec50,Addi,Adi
,ec51,Admin,Admin
,e177,adopt,adotar
,e177,adoption,adoção
,eb93,Adramyttium,Adramitino
,ec17,Adriatic_Sea,Mar_Adriático
,e027,adultery,Adultério
,ec2a,Aeneas,Eneias
,eba1,Aenon,Enom
,e056,afraid,com_medo
,e11d,after,depois_de
,eb89,Agabus,Ágabo
,e330,against,contra
,eb9d,Agrippa,Agripa
,ea61,Ahaz,Acaz
,e312,air,ar
,e0d4,alabaster,alabastro
,ea14,Alexander,Alexander
,eb5a,Alexandria,Alexandria
,e09f,alive,vivo
,e251,all,todos
,e04a,allow,permitir
,e223,alone,sozinho
,ec24,Alphaeus,Alfeu
,ea3c,altar,altar
,e252,always,sempre
,e14a,amazed,pasmados
,e14a,amazing,assombroso
 ,ebfd,ambassador,embaixador
,e100,amen,Amém
,ea51,Amminadab,Aminadabe
,ea64,Amon,Amom
,ec47,Amos,Amós
,eb2e,Amphipolis,Anfípolis
,ebb9,Ampliatus,Ampliatus
,eb65,Ananias,Ananias
,ec80,ancestor,antepassado
,e11c,and,e
,e357,Andrew,André
,ebba,Andronicus,Andrônico
,e0a7,angel,anjo
,e204,anger,raiva
,e204,angry,bravo
,e102,animal,animal
,eb02,Anna,Anás
,eb63,Annas,Anás
,e033,anointed,ungido
,ebf2,another,mais_um
,ed0e,Antichrist,Anticristo
,eb58,Antioch,Antioquia
,ec01,Antipas,Antipas
,eb9a,Antipatris,Antipátride
,ebbb,Apelles,Apeles
,eb30,Apollonia           ,Apolonia
,eb3e,Apollos,Apolo
,ebef,apostle,apóstolo
,e162,appear,aparecer
,ecf1,Apphia,Áfia
,e041,appointed,nomeado
,ecd7,Appolyon,Appolyon
,eb17,Aquila,Áquila
,eb77,Arabia,Arábia
,ece7,Archippus,Arquipo
,ec35,Areopagus,Areopagus
,eca6,Aretas,Aretas
,e057,argument,argumento
,e34d,Arimathea,Arimateia
,e322,arise,Levantar-se
,ec10,Aristarchus,Aristarco
,ebbc,Aristobulus,Aristóbulo
,e14e,arm,braço
,ebbd,armor,armaduras
,e148,army,exército
,ec52,Arni,Arni
,e31b,around,ao_redor
,ec53,Arphaxad,Arfaxade
,e25f,arrest,prender
,ecbf,arrow,seta
,ec34,Artemas,Ártemas
,ea5c,Asa,Asa
,e322,ascend,ascender
,ea90,ash,cinza
,e05f,ashamed,envergonhado
,ebde,Asher,Aser
,ebdd,Ashhur               ,Terra_de_Aser
,eb6f,Asia,Ásia
,e061,ask,pergunta
,eb20,Assos,Assôs
,e070,assurance,certeza
,ebbe,Asyncritius,Asyncritius
,eb07,Athens,Atenas
,eb31,Attalia,Atália
,e150,attendant,assitente
,e12c,author ,autor
,e034,authority,autoridade
,ed0c,avenge,Vingar-se
,ec54,awake,desperto
,e11e,away,longe
,ea6c,Azor,Azor
,eb7e,Azotus,Azoto
,ebbf,Baal,Baal
,e0a6,baby,bebê
,ea67,Babylon,Babilônia
,e325,backward,em_sentido_contrário
,e17d,bad,mau
,e26f,bag,saco
,eca1,Balaam,Balaão
,ebff,Balak,Balaque
,ec55,bank,banco
,e24a,baptism,batismo
,e24a,baptize,batizar
,ec89,Bar_Jesus_not_Christ,Bar_Jesus_não_Cristo
,e36d,Barabbas,Barrabás
,ea97,Barachiah,Baraquias
,ed02,Barak,Baraque
,ec2f,Barnabas,Barnabé
,eb69,Barsabbas,Barsabbas
,e362,Bartholomew,Bartolomeu
,e36b,Bartimaeus,Bartimaeus
,e19f,basket,cesta
,e283,battle,batalha
,ecef,bear,suportar
,e227,bear_with,tolerar
,e103,beast,besta
,e0e4,beat,batimento
,ea4a,beautiful,belo
,ea4a,beauty,beleza
 ,e066,because,porque
,e040,beckon,acenar
,e83a,become_person,Tornar-se_pessoa
,e839,become_thing,Tornar-se_uma_coisa
,e122,bed,cama
 ,e335,Beelzebul,Beelzebul
,e107,before,antes
,e21e,beg,implorar
,e231,beginning,começar
,e116,behind,atrás
,e06f,believe,crer
,eb90,Believer,Crente
,e29d,belt,cinto
,eb4b,Benjamin,Benjamim
,eda3,Beor,Beor
,eb13,Berea,Bereia
,eb9e,Bernice,Berenice
,e117,beside,ao_lado
,e21f,best,melhor
,e349,Bethany,Beânia
,eba0,Bethesda,Betesda
,ea45,Bethlehem,Belém
,e348,Bethphage,Betfagé
,e340,Bethsaida,Betsaida
,e195,betray,trair
,e195,betrayal,traição
,e09e,better,melhor
,e118,between ,entre
,e22c,Bible,Bíblia
,e120,big,grande
,e25c,bird,pássaro
,e235,birth,nascimento
,eb48,Bithynia,Bitínia
,ecd2,bitter,amargo
,eb86,black,preto
,e05b,blaspheme,blasfemar
,e05b,blasphemy,blasfêmia
,eb8d,Blastus,Blasto
,ed01,blemish,defeito
,e05c,bless,abençoar
,ea21,blessed,abençoado
,e05c,blessing,bênção
,e192,blind,cego
,e087,blood,sangue
,ecda,blue,azul
,e14b,boast,alardear
,e265,boat,barco
,ea54,Boaz,Boaz
 ,e143,body,corpo
,e0b2,bone,osso
,e22a,book,livro
,e235,born,nascer
,e119,bottom,fundo
,e25f,bound,limite
,e210,bow,arco
,ecc8,bow_arrow,Arco-flecha
,e384,bowl,taça
,e29e,box,caixa
,e001,boy,menino
,e002,boys,meninos
,e246,branch,ramificar
,e196,brave,valente
,e05d,bread,pão
,e0e1,break,partir
,ecd5,breastplate,peitoral
,ecee,breath,fõlego
,ecee,breathe,respirar
,ebdb,bribe,subornar
,e015,bride,noiva
,e21b,bright,brilhante
,e088,bring,trazer
,eb2c,bronze,bronze
,e006,brother,irmão
,e007,brothers,irmãos
,e17a,build,edificar
,e0a1,building,edificando
,ec86,burden,fardo
,ecd0,burn,queimar
,ecd0,burnt,queimado
,e0d7,bury,enterrar
,e11a,but,porêm
,e32a,buy,comprar
,e370,Caesar,César
,e346,Caesarea,Cesareia
,ea77,Caiaphas,Caifás
,ec56,Cain,Caim
,ec56,Cainan,Cainã
,e040,call,ligar
,e29f,camel,camelo
,e124,can,pode
,eba2,Cana,Caná
,e33d,Canaan_land,Canaã
,eb85,Candace,Candace
,e33a,Capernaum,Cafarnaum
,eb74,Cappadocia,Capadócia
,e19e,careful,cuidado
,e14f,carpenter,carpintero
,ecad,Carpus,Carpo
,e088,carry,carregar
,ec87,case,caso
,e115,catch,pegar
,ec36,Cauda,Cauda
,eb3d,Cenchrea,Cencreia
,e0b8,census,censo
,eb7a,centurion,centurião
,e356,Cephas,Cefas
,ec88,ceremony,cermônia
,e25f,chain,cadeia
,e298,chair,cadeira
,eb0e,Chaldea,Caldéia
,e31e,change,mundança
,e230,chapter,capítulo
,ec82,chariot,carruagem
,e200,child,criança
,e201,children,crianças
,eb22,Chios,Quios
,ebe2,Chloe,Cloé
,e021,choose,escolher
,ea8f,Chorazin,Corazim
,e334,Christ,Cristo
,eb90,Christian,Cristão
,ebfc,church,igreja
,ec57,Chuza,Cuza
,eb5b,Cilicia,Cilícia
,e250,circumcise,circuncidar
,e250,circumcision,circuncisão
,eb98,citizen,cidadão
,ec36,Clauda,Cauda
,ecae,Claudia,Cláudia
,eb8a,Claudius,Cláudio
,ebec,clay,argila
,e248,clean,limpo
,ece3,Clement,Clemente
,ec58,Cleopas,Cleopas
,ea76,cloak,capa
,ebb5,Clopas,Clopas
,e300,close,fechar
,e23f,closed,fechado
,e147,clothe,vestir
,e253,clothing,roupas
,e26e,cloud,nuvem
,ec14,Cnidus,Cnido
,e148,cohort,Coorte
,e0f2,cold,frio
,e284,color,Cor
,ece8,Colossae,Colossa
,e25a,come   ,vir
,e243,come_out,sair
,ea3b,comfort,conforto
,e058,command,comando
,e22f,commandment,mandamento
,e01a,compassion,compaixão
,ecec,complete,completo
,ea7f,condemn,condenar
,ea7f,condemnation,condenação
,e03f,confession,confissão
,e070,confidence,confiança
,eb08,confuse,confundir
,e049,continue,continuar
,e332,control,controlar
,e83a,convert,converter
,ea59,Corinth,Corinto
,eb81,Cornelius,Cornélio
,eb83,corner,esquina
,e21c,cornerstone,A_pedra_angular
,e09a,correct,corrigir
  ,ec59,Cosam,Cosã
,eb5f,couch,sofá
,e0f7,council,concílio
,ebc0,counted,contado
,e0a2,country,país
,e157,countrymen,compatriotas
,eb96,countryside,região_rural
,e196,courage,coragem
,e0f6,courtyard,pátio
,e21d,covenant,pacto
,e39a,cover,cobrir
,e022,covet,cobiçar
,eb36,cow,vaca
,e076,create,criar
,ebc3,creation,criação
,ec22,Creator,Criador
,ebc0,credit,crédito
,ecaf,Crescan,Crescan
,ec8d,Crete,Creta
,eb3a,Crispus,Crispo
,e055,criticize,criticar
,eb39,crooked,torcido
,e038,cross,cruz
,e128,crowd,multidão
,eda4,crown,coroa
,e03c,crucify,crucificar
,e146,crush,esmagar
,e20c,cry,chorar
,e274,cup,copo
,e05a,curse,maldição
,e254,curtain,cortina
,ec32,Cush,Cuxe
,e26c,cushion,amortecer
,eb10,custom,costume
,e24e,cut,cortar
,ebe3,cymbal,címbalo
,eb88,Cyprus,Chipre
,eb59,Cyrene,Cirene
,e344,Dalmanutha,Dalmanuta
,ecb1,Dalmatia,Dalmatía
,eb37,Damaris,Dâmaris
,ec31,Damascus,Damasco
,e259,dance,danzar
,ea78,Daniel,Daniel
,ea17,dark,escuro
,e00c,daughter,filha
,e00d,daughters,filhas
,e35e,David,Davi
,e15f,day,dia
,e120,deacon,diácono
,e181,dead,morto
,e191,deaf,surdo
,e181,death,morte
,e33e,Decapolis,Decápolis
,e17f,deceive,enganar
,e152,deceiver,enganador
,e17f,deception,deceição
,e321,deep,profundo
,ecb2,Demes,Demes
,eb1a,Demetrius,Demétrio
,eb87,demon,demônio
,e165,denarius,denário
,e0e5,deny,negar
,e243,depart,partir
,e321,depth,profundidade
,eb43,Derbe,Derbe
,e317,descend,descer
,eb60,descendant,descendente
,e156,desert,deserto
,e0f5,deserve,merecer
,e020,desire,desejo
,e141,destroy,destruir
,e141,destruction,destruição
,ebb6,Didymus,Dídimo
,e181,die,morrer
,ecff,different,diferente
,e093,difficult,difícil
,e04b,dignify,dignificar
,eb78,Dionysius,Dionísio
  ,ece2,Diotrephes,Diótrefes
,e323,direction,direção
,e15b,dirt,sujeira
,e249,dirty,sujo
,e142,disciple,discípulo
,eda5,discipline,disciplina
,e261,discourage,desencorajar
,e20a,disease,doença
 ,e384,dish,prato
,e193,disobedience,desobediência
,e193,disobey,desobedecer
,e326,divide,dividir
,e326,division,divisão
,ea3d,divorce,divórcio
,e08c,do,fazer
,e144,doctor,médico
,e104,dog,cão
,e032,dominion,domínio
,ea09,donkey,asno
,e23e,door,porta
,ec2c,Dorcas,Dorcas
,e194,doubt,dúvida
,ea36,dough,massa
,e25e,dove,pomba
,e319,down,baixo
,ecdf,dragon,dragão
,ea80,dream,sonhar
,e274,drink,beber
,ebe3,drum,tambor
,ea8d,drunk,bêbado
,eb9c,Drusilla,Drusila
,e188,dry,seco
,e15d,dust,poeira
,e17b,dwell,habitar
,ecc9,eagle,águia
,e299,ear,orelha
,e0f5,earn,ganhar
,e153,earth,terra
,e159,earthquake,terremoto
,ea38,east,leste
,e092,easy,fácil
,e053,eat,comer
,ec5a,Eber  ,Héber
,ea44,Egypt,Egito
,e293,eight,oito
,eb6d,Elam_land           ,Elão
,eb62,elder,anciãos
,ea70,Eleazar,Eleazar
,ec9f,elect,eleger
  ,ec44,Eli,Eli
,ea6b,Eliakim,Eliaquim
,ec5b,Eliezer,Eliézer
,e36a,Elijah,Elias
,ec5c,Elisha,Eliseu
,ea6f,Eliud,Eliúde
,ec3a,Elizabeth,Isabel
,ec5d,Elmadam,Elmadã
,ec5e,Emmaus,Emaús
,eb5d,Emmor,Hamor
,e277,empty,esvaziar
,e262,encourage,encorajar
,e232,end,fim
,e170,endure,durar
,e025,enemy,inimigo
,e01b,enmity,inimizade
,ec5f,Enoch,Enoque
,ec60,Enos,Enos
,e242,enter,entrar
,e022,envy,inveja
,ebc1,Epaenetus,Epêneto
,ece4,Epaphras,Epafras
,ece4,Epaphroditus,Epafrodito
,ec0c,Ephesus,Éfeso
,eba4,Ephraim_land        ,Cidade_Efraim
,eba3,Ephraim_man         ,Efraim
,ec05,Epicurean,Epicureus
,e24b,equal,igual
,ec61,Er,Er
,ec0e,Erastus,Erasto
,ebc2,Esau,Esaú
,ec49,Esli,Esli
,e252,eternal,eterno
,e252,eternity,eternidade
,ec32,Ethiopia,Etiópia
,ecb3,Eubulus,Êubulo
,ecb4,Eunice,Eunice
,eb8f,eunuch,eunuco
  ,ece5,Euodia,Euodia
,ecd8,Euphrates_River,Rio_Eufrates
,eb1f,Eutychus,Êutico
,e13f,evangelist,evangelista
,ebeb,Eve,evangelista
,e273,evening,noite
,e140,everyone,todos
,e114,everything,tudo
,e155,everywhere,em_toda_parte
,e04b,exalt,exaltar
,ecf0,example,exemplo
,e059,explain,explicar
,e059,explanation,explicação
,e238,eye,olho
,e253,fabric,tecido
,e203,face,face
,ec18,Fair_Haven,Refúgio_Justo
,e06f,faith,fé
,e219,faithful,fiel
,e219,faithfulness,fidelidade
,e218,fall,cair
,e17f,false ,FALSE
,e176,family,família
,e18d,famine,fome
,e197,far ,longe
,ec83,farewell,despedida
,eb91,farm,fazenda
,e133,farmer,agricultor
,e18e,fast_no_eat,jejuar_não_comer
,e21a,fast_speed,rápida_velocidade
,ea86,fat,gordo
,eb11,fat_animal,graxa_animal
,e003,father,pai
,e056,fear,temor
,e054,feast,festa
,eb99,Felix,Félix
,e20b,festival,festival
,e19b,few,poucos
,eb91,field,campo
,eda2,fig,figo
,e283,fight,luta
,e278,fill,preencher
,e101,find,encontrar
,eba5,finger,dedo
,e232,finish,terminar
,e301,fire,fogo
,e233,first,primeiro
,e263,fish,peixe
,e264,fisherman,pescador
,e290,five,cinco
,e09d,fix,consertar
,e26b,flesh,carne
,e31d,flip,sacudir
,ece0,flood,inundar
,ea35,flour,farinha
,eb24,flower,flor
,ea8b,flute,flauta
,e25b,fly,voar
,e13e,follow,seguir
,e053,food,alimento
,ea7c,fool,tolo
,e13d,foot,pé
,e086,for,para
,e158,foreigner,estrangeiro
,eb79,foreknowledge,presciência
,ec27,forest,floresta
,e18f,forgive,perdoar
,e18f,forgiveness,perdão
,eca4,Fortunatus,Fortunato
,e318,forward,adiante
,e179,foundation,fundação
,e28f,four,quatro
,ea8a,fox,raposa
,e097,fragrant,perfumado
,e260,free,livre
,ebe4,free_no_cost,livre_sem_costo
,ec8e,Freedmen,Libertos
,e260,freedom,liberdade
,e024,friend,amigo
,ecf6,frog,rã
,e31a,from,desde
,e27e,fruit,fruta
,e0d2,fulfill,cumprir
,e276,full,cheio
,e190,futile,fútil
,e16e,future,futuro
,ec39,Gabriel,Gabriel
,ecbd,Gad,Gade
,e33f,Gadara,Gadara
,e1a3,gain,ganho
,ec0f,Gaius,Gaio
,eb46,Galatia,Galácia
,e337,Galilee,Galileia
,eb3b,Gallio,Gálio
,eb4d,Gamaliel,Gamaliel
,e289,gate,portão
,e126,gathered_people,pessoas_reunidas
,e108,gathered_things,coisas_reunidas
,eb7f,Gaza,Gaza
,e019,generation,generação
,e341,Gennesaret,Genesaré
,e158,gentile,gentios
,e26d,gentle,amável
,e26d,gentleness,gentileza
,e33f,Gerasenes,Gerasenos
,e34a,Gethsemane,Getsêmani
,ed03,Gideon,Gideão
,e072,gift,presente
,e009,girl,menina
,e00a,girls,meninas
,e086,give,dar
,ecde,glass,vidro
,e217,glorify,glorificar
,e217,glory,glória
,ea8c,gluttony,glutonaria
,e381,go ,ir
,e080,go_down,descer
,ea7d,goat,bode
,e036,God,Deus
,e130,godly,piedoso
,ecf7,Gog,Gogue
,eb2a,gold,ouro
,e34b,Golgotha,Gólgota
,ea7a,Gomorrah,Gomorra
,ebe5,gong,gongo
,e096,good,bom
,e22b,good_news,boas_novas
,e22b,gospel,evangelho
,e0a3,governor,governador
,e01f,grace,graça
,e279,grain,grão
,ecf4,grape,uva
,ea33,grass,grama
,e20e,grateful,grato
,e20e,gratitude,gratidão
,e178,grave,sepultar
,e14a,great,grande
,e345,Greece,Grécia
,ea94,greed,cobiça
,ecd1,green,verde
,e051,greeting,saudação
,e207,grieve,entristecer
,e83d,grind,moer
,e013,groom,noivo
,e153,ground,terreno
,e15b,ground_soil,solo_arável
,e154,grow,crescer
,e154,growth,crescimento
,e0c1,guard,guarda
,ea84,guilt,culpa
,ea84,guilty,culpado
,ecab,Hagar,Agar
,ea13,hail,saraiva
,ecdd,hail_storm,tormenta_granizo
,e208,hair,cabelo
,ea22,half,metade
,eb5d,Hamor,Hamor
,e071,hand,mão
 ,eb02,Hannah,Ana
,e205,happy,feliz
,eb0b,Haran_land,Harã
,e269,hard,difícil
,ecfc,harlot,prostituta
,ecc6,harp,harpa
,eca7,harsh,áspero
,e082,harvest,colheita
,e139,harvester,segador
,e01b,hate,ódio
,e083,have,ter
,e07f,have_to,tem_que
,e206,head,cabeça
,e084,heal,curar
,e144,healer,curador
,e209,health,cura
,e209,healthy,saudável
,e299,hear ,ouvir
,e29a,heart,coração
,e301,heat,calor
,e380,heaven,céu
,e0e7,heavy,pesado
,ec8f,Hebrew,Hebreus
,e28a,hedge,cerca
,ecc1,height,altura
,e018,heir,herdeiro
  ,ec44,Heli,Eli
,e0d1,hell,inferno
,e13a,help,ajudar
,e150,helper,ajudante
,e212,here,aqui
,ebc4,Hermas,Hermas
,eb2f,Hermes_idol,Hermes_ídolo
,ebed,Hermes_man,Hermes
,ecb5,Hermogenes,Hermógenes
,e360,Herod ,Herodes
,ea05,Herodians,Herodianos
,e355,Herodias,Herodias
,ebf1,Herodion,Herodião
,ea62,Hezekiah,Ezequias
,ea4f,Hezron,Hezrom
,e085,hide,esconder
,ece9,Hierapolis,Hierápolis
,e202,hill,monte
,e13b,hire,contratar
,e0e4,hit,bater
,e302,hole,orifício
,e13c,holy,santo
,e052,honey,mel
,e031,honor,honra
,e213,hope,esperança
,ecc5,horn,chifre
,e303,horse,cabalo
,e216,hosanna,Hosana
,ebc5,Hosea,Oseias
,e301,hot ,quente
,e331,hour,hora
,e171,house,casa
,e068,how,como
,e83c,how_long,quanto_tempo
,e23d,human_nature,natureza_humana
,e19d,humble,humilde
,e065,humiliate,humilhar
,e19d,humility,humildade
,e01e,hungry,faminto
,e24f,hurt,ferir
,e012,husband,esposo
,ecaa,Hymenaeus,Himeneu
,e0e3,hymn,hino
,e152,hypocrite,hipócrita
,e166,I,I
,ec1f,Iconium,Icônio
,e35d,idol,ídolo
,e378,Idumea,Idumeia
,e111,if,se
,e06e,ignorance,ignorância
,e06e,ignorant,ignorante
,ebc6,Illyricum,Ilírico
,e18c,immeasurable,imensurável
,e215,immediately,imediatamente
,ebe7,important,importante
,e180,impossible,impossível
,e25f,imprisoned,aprisionar
,e249,impure,impuro
,e240,in,em
,e112,in_front,em_frente
,ec98,incense,incenso
,e017,inheritance,herança
,e304,insect,inseto
,e240,inside,dentro
,e058,insist,insistir
,e05b,insult,insulto
,eb29,iron,ferro
,e374,Isaac,Isaque
,e372,Isaiah,Isaías
,eb05,island,ilha
,ea04,Israel,Israel
,ecce,Issachar,Issacar
,ec90,Italy,Itália
,ec3e,Ituraea,Itureia
,e375,Jacob,Jacó
,ea72,Jacob(NT),Jacó_(NT)
,e367,Jairus,Jairo
,ecbc,Jambres,Jambres
,e358,James,Tiago
,e376,James_the_Disciple,Tiago_o_Discípulo
,ec46,Jannai,Janai
 ,ecbe,Jannes,Janes
,e0d5,jar,jarra
,ec62,Jared,Jarede
,eb64,Jason,Janom
,ea66,Jechoniah,Jeconias
,ea5d,Jehoshaphat,Josafá
,ed04,Jephthah,Jefté
 ,ea28,Jeremiah,Jeremias
,ea08,Jericho,Jericó
,e338,Jerusalem,Jerusalém
,ea58,Jesse,Jessé
,e037,Jesus,Jesus
,eb03,Jesus_not_Christ,Jesus_não_Cristo
,e0f9,Jew,Judeus
,e0f9,Jewish,Judaico
,eca2,Jezebel,Jezabel
,ec4c,Joanan,Joanã
,ec63,Joanna,Joana
,ed0b,Job,Jó
,e34b,Joda,Jodá
,ec92,Joel,Joel
,e35a,John,João
,e336,John_the_Baptist,João_o_Batista
,e35a,John_the_Disciple,João_o_Discípulo
,e0c5,Jonah,Jonas
,ea29,Jonah_Simons_father,Jonas_pai_Simão
,ec9b,Jonam,Jonã
,ec2d,Joppa,Jope
,ea5e,Joram,Jorão
,e34f,Jordan_River,Rio_Jordão
,ec64,Jorim,Jorim
,ea15,Joseph,José
,ea73,Joseph(NT),José(NT)
,e369,Joses,José
,eb03,Joshua,Josué
,ea65,Josiah,Josias
,eb82,Jotham ,Jotão
,ea60,Jothan,Jothan
,e381,journey,jornada
,e205,joy,alegria
,e368,Juda ,Judas
,ea4b,Judah,Judá
,e368,Judas,Judas
,e365,Judas_Iscariot,Judas_Iscariotes
,e368,Judas_not_Iscariot,Judas_não_Iscariotes
,e368,Jude,Judas
,e339,Judea,Judeia
,e1a2,judge,juíz
,e1a2,judgment,julgamento
,ebc7,Julia,Júlia
,ec07,Julius,Júlio
,ed0a,jump,saltar
,ebc8,Junia,Júnias
,ea25,justice,justiça
,eb4f,justify,justificar
,eb6a,Justus,Justo
,e099,keep,manter
,ea9d,key,chave
,eba6,Kidron_Valley,Vale_Cedrom
,e141,kill,matar
,e01c,kind_nice,amável__gentil
,ed00,kind_same,amável_mesmo
,e01c,kindness,amabilidade
,e028,king,rei
,e02f,kingdom,reino
,eb49,Kish,Quis
,e0e8,kiss,beijo
,e138,kneel,ajoelhar
,e24e,knife,faca
,eb8b,knock,bater
,e30e,knot,atar
,e062,know,conhecer
,e062,knowledge,conhecimento
,ecf3,Korah,Corá
 ,ec65,lake,lago
,ec66,Lamech,Lameque
,e164,lamp,lámpada
,e281,lampstand,candelabro
,e153,land,terra
,ea23,language,língua
,ebf9,Laodicea,Laodiceia
,ec16,Lasea,Lasea
,e234,last,última
,e225,late ,tarde
,e225,later,mais_tarde
,eba8,Latin,Latim
,e224,laugh,rir
,e224,laughter,riso
,e22f,law,lei
,e22f,lawful,legal
,e08f,lawlessness,ilegalidade
,ec67,Lazarus,Lázaro
,e137,lead,liderança
,e17f,lead_astray,desviar
,e137,leader,líder
,e0b3,leaf,folha
,ed0a,leap,saltar
,e22a,learn,aprender
,e175,lease,arrendamento
,e397,least,mínimo
,e255,leather,couro
,e243,leave,deixar
,e32d,leaven,fermentar
,e0f4,left,esquerda
,ebe0,leg,perna
,e366,Legion,Legião
,ecc2,length,comprimento
,ecf8,leopard,leopardo
,e382,leprosy,lepra
,eb84,letter,carta
,e0d9,level,nível
,eb1b,Levi,Levi
,e35c,Levi_Matthew,Levi_Mateus
,eb44,Levite,Levita
,e17f,lie ,mentira
,e121,lie_down,deitar
,e09f,life,vida
,e081,lift,levantar
,e0c2,light,luz
,ea88,lightning,relâmpago
,e020,like ,como
,ea20,linen,linho
,ecb0,Linus,Lino
,ecb6,lion,leão
,e09f,live,viver
,e05d,loaf,pão
,ecd4,locust,gafanhoto
,ecb7,Lois,Loide
,e16f,longsuffering,longo_sofrimento
,ebcd,looks_like,parece_que
,e028,lord,senhor
,e089,lost,perdido
,ea16,lot,lote
,ebdc,Lot,Ló
,ea16,lots,grande_quantidade
,ebe8,loud,em_alta_voz
,e01a,love,amor
,e324,lower_adj,baixo_adj.
,e080,lower_verb,baixo_verbo
,ec93,Lucius,Lúcio
,eb68,Luke,Lucas
,e06d,lunatic,lunático
,e239,lust,concupiscência
,eb73,Lybia,Líbia
,eb51,Lycaonia,Licaônia
,ec13,Lycia,Lícia
,ec2e,Lydda,Lida
,eb50,Lydia,Lídia
,ec40,Lysanias,Lisânias
,ec37,Lysias,Lísias
,eb44,Lystra,Listra
,ec4b,Maath,Maate
,ec0d,Macedonia,Macedônia
,ea30,Magadan,Magadan
,ec8a,magician,mágico
,ecf9,Magog_land          ,Magogue
,ec68,Mahalalel           ,Maalalel
,e076,make,fazer
,ebb7,Malchus,Malco
,ec19,Malta,Malta
,e000,man,homem
,eb40,Manaen,Manaém
,e137,manage,gerir
,ea63,Manasseh,Manassés
,eba9,manna,maná
,e198,many,muitos
,e371,Mark,Marcos
,e02e,market_place,mercado
,e010,marriage,matrimônio
,ec69,Martha,Marta
,e354,Mary,Maria
,e353,Mary_Magdalene,Maria_Madalena
,e354,Mary_Mother_of_Jesus,Maria_Mãe_de_Jesus
,e028,master,mestre
,ec9c,Mattatha,Matatá
,ec9d,Mattathias,Matatias
,ea71,Matthan,Matã
,ed12,Matthat,Matate
,eb04,Matthew,Mateus
,eb04,Matthias,Matias
,e122,mattress,colchão
,e236,mature,maduro
,e166,me,eu
,e053,meal,refeição
,ecfa,meaning,significado
,e305,measure,medida
,eb70,Media,Média
,ecfb,Megiddo,Megido
  ,ec45,Melchi,Melqui
,ed05,Melchizedek,Melquisedeque
,ec6a,Melea,Meleá
,e174,member,membro
,ec6b,Menna,Mená
,e01d,mercy,misericórdia
,eb72,Mesopotamia,Mesopotâmia
,e22d,message,mensagem
,e136,messenger,mensageiro
,e334,Messiah,Messias
,eb28,metal,metal
,ec6c,Methuselah,Metusalém
,ece1,Michael_angel       ,Micael
,eb0f,Midian_land         ,Midiã
,eb23,Miletus,Mileto
,eca3,milk,leite
,ecd9,million,Milhão
,e06c,mind,mente
,e095,miracle,milagre
,e385,Miriam,Miriã
,ebe6,mirror,espelho
,eb21,Mitylene,Mitilene
,eb26,Mnason,Mnasom
,ea12,mock,zombar
,ec26,Molech,Moloque
,e029,money,dinheiro
,e34c,month,mês
,e272,moon,lua
,e199,more,mais_tarde
,e163,morning,manhã
,e35b,Moses,Moisés
,e229,most,o_mais
,e00b,mother,mãe
,e351,Mount_of_Olives,Monte_das_Oliveiras
,eb5c,Mount_Sinai,Monte_Sinai
,ecf5,Mount_Zion,Monte_Sião
,e306,mountain,montanha
,e03f,mouth,boca
,e32f,move,mover
,e198,much,muitos
,e128,multitude,multidão
,ea10,murderer,assassino
,e039,mustard,mostarda
,e050,mute,mudo
,ec28,Myra,Mirra
,e245,myrrh,mirra
,eb4a,Mysia,Mísia
,e18b,mystery,mistério
,ec6d,Naaman,Naamã
,ec4a,Naggai,Nagai
,ec6e,Nahor,Naor
,ea52,Nahshon,Naassom
,ec48,Nahum,Naum
,ebaa,nail,unha
,ea48,Nain,Naim
,e04f,name,nome
,ea40,Naphtali,Naftali
,ebc9,Narcius,Narcius
,ec6f,Nathan,Natã
,ec6f,Nathanael,Natanael
,e0a2,nation,nação
,e34e,Nazareth,Nazaré
,e300,near,perto
,e0d3,neck,pescoço
,e07f,need,necessidade
 ,e078,needle,agulha
,e173,neighbor,vizinho
,eb4e,Neopolis,Neopolis
,ebca,Nereus,Nereu
,ec70,Neri,Neri
,e307,net,rede
,e308,new,novo
,e22d,news,novas
,ebf2,next,próximo
,eb55,Nicanor,Nicanor
,ebab,Nicodemus,Nicodemos
,eb56,Nicolaus,Nicolaus
,ed08,Nicopolis,Nicópolis
,e272,night,noite
,e294,nine,nove
,e0c6,Nineveh,Nínive
,e17c,no,não
,ea43,Noah,Noé
,ebe9,noise,ruído
,ea74,north,norte
,e309,nose,nariz
,e17c,not,nem
,e215,now,agora
,e0b7,number,número
  ,ecea,Nympha              ,Ninfa
,ea56,Obed,Obede
,e04e,obedience,obediência
,e04e,obey,obedecer
,e14d,ocean,oceano
,e03a,offering,oferta
,e030,oil,óleo
,e189,old,velho
,eda1,olive,oliva
,ebcb,Olympus,Olimpo
,e113,on,em
,e113,on_top_of,por_cima
,e28c,one,um
,ecb8,Onesimus,Onésimo
,ecb8,Onesiphorus,Onesíforo
,e223,only,só
,e18a,open,aberto
,e330,oppose,opor
,e106,or,ou
,ebe7,order,ordem
,e184,other,outro
,e241,out,for_a
,e241,outside,lá_for_a
,e110,over,sobre
,ea49,owe,dever
,eced,own,próprio
,ea85,ox,boi
,e24f,pain,dor
,eb6e,Pamphylia,Panfília
,eb9f,Paphos,Pafos
,e22d,parable,parábolas
,e131,paralyze,paralisar
,eb57,Parmenas,Pármenas
,e29b,part ,parte
,eb0a,Parthia             ,Partos
,e20b,party,festa
,e10b,pass,passar
,ebac,passion,paixão
,e20d,Passover,Páscoa
,e16d,past,passado
,ecc3,pastor,pastor
,ec23,Patara,Pátara
,e23c,path,caminho
,e16f,patience,paciência
,e16f,patient,paciente
,ebf4,Patmos,Patmos
,ebcc,Patrobas,Pátrobas
,ecf0,pattern,padrão
,e377,Paul,Paulo
,ebad,pavement,calçada
,e123,peace,paz
,ec71,Peleg,Pelegue
,e29c,pen,caneta
,ec81,pentecost,pentecostes
,ec81,Pentecost,Pentecostes
,e127,people,pessoas
,e06a,perceive,perceber
,ea4c,Perez,Perez
,ecec,perfect,perfeito
,e097,perfume,perfume
,eb47,Perga,Perge
,ebf6,Pergamum            ,Pérgamo
,e04a,permission,permissão
,e04a,permit,permitir
,e03e,persecute,perseguir
,e03e,persecution,perseguição
,ebce,Persis,Pérside
,e11f,person,pessoa
  ,ec3c,Phanuel,Fanuel
,ec94,Pharaoh,Faraó
,e383,Pharisee,Fariseu
,ebf8,Philadelphia,Filadélfia
,ecf2,Philemon,Filemom
,ecac,Philetus,Fileto
,e361,Philip ,Filipe
,e347,Philippi,Filipos
,ebcf,Philologus,Filólogo
,ec04,philosopher,filósofo
,ebd1,Phlegon,Flegonte
,ebd2,Phoebe,Febe
,e343,Phoenicia,Fenícia
,ec29,Phoenix,Fenice
,eb76,Phrygia,Frígia
,ecb9,Phygelus,Fígelo
,e30a,pig,porco
,e0b6,pigeon,pomba
,e36f,Pilate,Pilatos
,eca8,pillar,pilar
,e26c,pillow,travesseiro
,eb97,Pisidia,Písida
,e06b,plan,plano
,e244,plant,plantar
,e386,plate,prato
,e386,platter,escudela
,ec72,plow,arado
,eb75,Pontus,Ponto
,ea3a,poor,pobre
,eb5e,porch,pórtico
,ec38,Porcius,Pórcio
,e098,possible,possível
,e0d6,pour,derramar
,e124,power,poder
,e04b,praise,louvor
,e05e,pray,orar
,e05e,prayer,oração
,e04d,preach,pregar
,e134,preacher,pregador
,e04d,preaching,pegação
,ea37,precious,precioso
,e0a5,pregnant,grávido
,e091,prepare,preparar
 ,e228,press,pressão
,e094,pretend,fingir
,eb14,prevail,prevalecer
,e14b,pride,orgulho
,e03b,priest,sacerdote
,eb61,prince,principe
,ebe7,priority,prioridade
,eb18,Priscilla,Priscila
,e172,prison ,cárcere
,e145,prisoner,preso
,eb53,Prochorus,Prócoro
,e0a3,proconsul,procônsul
,e035,profit,lucro
,e37a,promise,pormessa
,e23b,prophesy,profetizar
,e135,prophet,profeta
,ecfc,prostitute,prostituta
,e14b,proud,orgulhoso
,ec73,proverb,provérbio
,e0e2,Psalm,salmo
,ec08,Ptolemais,Ptolemaida
,ec1a,Publius,Públio
,ecba,Pudens,Prudente
,e248,pure,puro
,e286,purple,púpura
,e066,purpose,propósito
,e07e,put,pôr
,e07e,Put,Pôr
,ec1e,Puteoli,Putéoli
,eb1c,Pyrrhus,Pirro
,ebd3,Quartus,Quarto
,eb15,queen,rainha
,e061,questioned,questionado
,e185,quiet,quieto
,ec3b,Quirinius,Quirino
,ea41,Rachel,Raquel
,ea55,Rahab,Raabe
,ea3e,rain,chuva
,ecdc,rainbow,arco_Iris
,ea50,Ram,Rão
,ea42,Ramah,Ramá
,e22a,read,ler
,e066,reason,razão
,ebd4,Rebekah,Rebeca
,e193,rebellion,rebelião
,e060,rebuke,repreender
,e1a3,receive,receber
,ebc0,reckon,calcular
,e026,reconcile,conciliar
,e287,red,vermelho
,e02c,redeem,redimir
,e02c,redemption,rendenção
,ea26,reed,junco
,ea5a,Rehoboam,Roboão
,e193,reject,rejeitar
,e176,relative,relativo
,ec33,religion,religião
,e83b,remain,permanecer
,e0d8,remember,lembrar
,e049,repeat,repetir
,e320,repent,Arrepender-se
,e320,repentance,arrependimento
,e22d,report,informe
,e214,rescue,resgatar
,e121,rest,descansar
,e237,result,resultado
,e329,resurrect,ressucitar
,e329,resurrection,ressurreição
,ec74,Reu,Reú
,ecc0,Reuben,Rúben
,e162,reveal,revelar
,ed0c,revenge,vingança
,e055,revile,insultar
,e02d,reward,recompensa
,ec1d,Rhegium,Régio
,ec75,Rhesa,Resa
,eb92,Rhoda,Rode
,eb25,Rhodes,Rodes
,e0f3,right,reto
,ed10,right_time,tempo_certo
,e090,righteous ,justo
,e130,righteous_person,pessoa_justa
,e090,righteousness,justiça
,ebdf,ring,anel
,e236,ripe ,maduro
,e154,ripen,amadurecer
,e30b,river,rio
,e23c,road,estrada
,e0e9,robber,ladrão
,e26a,rock,rocha
,eb16,Rome,Roma
,eb06,room,quarto
,e25d,rooster,galo
,e15c,root,raiz
,ec99,rough,rude
,e36e,Rufus,Rufo
,e028,ruler,régua
,e258,run,corre
,ea57,Ruth,Rute
,e160,Sabbath             ,sábado
,e0b5,sacrifice,sacrifício
,e207,sad,triste
,ea03,Sadducee,Saduceus
,e03f,said,disse
,e267,sail,vela
,e130,saint,santo
,ebe1,Salamis,Salamina
,ec76,Salathiel,Salatiel
,ebae,Salim,Salim
,ea53,Salmon,Salmom
,ec15,Salmone,Salmona
,e379,Salome,Salomé
,e046,salt,sal
,eb80,salvation,salvação
,ea83,Samaria,Samaria
,ea7b,Samaritan,Samaritana
,e24b,same,mesmo
,ec25,Samos,Samos
,eb4c,Samothrace,Samotrácia
,ed06,Samson,Sansão
,eb8e,Samuel,Samuel
,eb01,sanctuary,santuário
,ecfd,sand,areia
,eb66,Sapphira,Safira
,ebd5,Sarah,Sara
,ebf7,Sardis,Sardes
,e335,Satan,Satanás
,eb54,Saul,Saul
,e214,save,salvar
,ec85,savior,salvador
,ea34,scatter,dispersar
,eb19,Sceva,Ceva
,ec77,scorpion,escorpião
,e12c,scribe,escriba
,e22c,Scripture ,Escritura
,eceb,Scythia,Cita
,e14d,sea,mar
,e350,Sea_of_Galilee,Mar_da_Galileia
,eb0c,Sea_of_Reeds        ,Mar_de_Vermelho
,ebaf,Sea_of_Tiberias,Tiberíades
,e221,seal,selo
,e221,sealed,selado
,e074,search,procurar
,e186,secret,secredo
,ec33,sect,seita
,eb1d,Secundus,Secundo
,e238,see,ver
,e27a,seed,semear
,eb42,Seleucia,Selêucia
,ea95,self,mesmo
,e32b,sell,vender
,ec9e,Semien,Not_found
,e075,send,enviar
,e239,sensuality,sensualidade
,e326,separate,separar
,eb45,Sergius,Sérgio
,ec78,Serug,Serugue
,e12d,servant,servo
,e08e,serve,servir
,ec79,Seth,Sete
,e292,seven,sete
,e077,sew,costurar
,ea87,sex,sexo
 ,e239,sexual_desire,desjo_sexual
,e079,shade,sombra
,e27d,shake,agitar
,e065,shame,vergonha
,e07a,share,compartilhar
,ec2b,Sharon,Sarom
,ebf3,sharp,afiado
,eb27,shave,barbear
,ea68,Shealtiel,Sealtiel
,ec95,Shechem_city        ,Siquém
,e270,sheep,ovelha
,ec7a,Shelah,Selá
,ec7b,Shem,Sem
,e0c9,Sheol,Inferno
,e271,shepherd,pastor
,e388,shield,escudo
,e12e,shoe,sapato
,e149,shout,gritar
,e162,show,mostrar
,e20a,sick,doente
,e10d,side,lado
,e33c,Sidon_city          ,Sidom
,e047,sigh,suspiro
,e0a9,sign,sinal
,eb41,Silas,Silas
,e185,silence,silêncio
,ebb1,Siloam_city         ,Siloé
,eca9,Silvanus,Silvano
,eb2b,silver,prata
,ea47,Simeon,Simeão
,ea47,Simon,Simão
,ea92,Simon_Jesus_Brother ,Simão_irmão_de_Jesus
,e37c,Simon_of_Cyrene,Simão_de_Cirene
,e356,Simon_Peter,Simão_Pedro
,e364,Simon_the_Canaanite,Simão_o_Zelote
,e0f8,Simon_the_Leper,Simão_o_Leproso
,e08f,sin,pecado
,e08f,sinful,pecaminoso
,e0e2,sing,cantar
,e151,sinner,pecador
,e00e,sister,irmã
,e00f,sisters,irmãs
,e298,sit,sentar
,e291,six,seis
,e20f,skull,crânio
,ec8b,sky,céu
,e10e,slave,escravo
,e121,sleep,dormir
,e19c,slow,lento
,e19c,slow,lento
,e19b,small,pequeno
,e32e,smaller,menor
,e397,smallest,diminuto
,e309,smell,cheiro
,ec03,smoke,fumaça
,ec9a,smooth,suave
,ebf5,Smyrna,Esmirna
,e30c,snake,serpente
,ebfb,snow,neve
,ea8e,Sodom,Sodoma
,e268,soft,suave
,e15b,soil,solo
,e158,sojourner,peregrino
,e12f,soldier,soldado
,ea32,Solomon,Salomão
,e29b,some ,alguns
,e004,son,filho
,e352,Son_of_Man,Filho_do_Homem
,e0e2,song,canção
,e005,sons,filhos
,ec20,Sopater,Sópatro
,ec8c,sorcery,feitiçaria
,ec20,Sosipater,Sosípatro
,eb3c,Sosthenes,Sóstenes
,e10f,soul,alma
,ebe9,sound,som
,ea31,south,sul
,e07d,sow,semear
,e133,sower,semeador
,ebd6,Spain,Espanha
,e03f,speak,falar
,e32a,spend,passar
,ecfe,spice,apimentar
,e187,spirit,espírito
,e048,spit,cuspir
,e326,split,dividido
,ea18,sponge,esponja
,ed01,spot,sitio
,ed07,spy,espião
,ebd7,Stachys,Estáquis
,e14c,staff,pessoal
,e0d9,stair,escada
,e32c,stand,ficar_de_pé
,e0c3,star,estrela
,e231,start,começar
,e83b,stay,estada
,e07b,steal,roubar
,ea01,stem,haste
,ebea,Stephanas,Estéfanas
,eb6b,Stephen,Estêvão
,e266,stern,severo
,eca7,stern_words,palavras_severas
,e07c,stewardship,mordomia
,e398,stick,vara
,ec06,Stoic,estóico
 ,e0c8,stomach,estômago
,e073,stop,parar
,ec43,storehouse,armazém
,e27c,storm,tempestade
,e22d,story,história
,e313,straight,direito
,e069,stranger,desconhecido
,eb33,strangled,estrangulado
,e30b,stream,corrente
,e31c,stretch,esticar
,ecc7,string,corda
,e08a,strong,forte
,e257,stumble,tropeçar
,ea27,stumbling_block,predra_de_tropeço
,e222,suffer,sofrer
,e222,suffering,sofrimento
,e0c4,summer,verão
,e15f,sun,sol
,e161,sundown,pôr_do_sol
,ec7c,Susanna,Suzana
,e30d,sweet,doce
,e282,sword,espada
,e0b9,synagogue,sinagoga
,ece6,Syntyche,Síntique
,ec1c,Syracuse,Siracusa
,e342,Syria,Síria
,eb32,tabernacle,tabernáculo
,e280,table,mesa
,ecd6,tail,cauda
,e088,take,tomar
,ea4e,Tamar,Tamar
,ec30,Tarsus,Tarso
,ea07,taste,provar
,e02b,tax,imposto
,e12a,tax_collector,coletor_de_imposto
,e04c,teach,ensinar
,e12b,teacher,professor
,e04c,teaching,ensino
,e0b1,teeth ,dente
,e03d,temple,templo
,e183,tempt,tentado
,e183,temptation,tentação
,e295,ten,dez
,eb32,tent,tenda
,ec7d,Terah_man           ,Tera
,ebee,Tertius,Tércio
,eb9b,Tertullus,Tértulo
,ec21,test,teste
,e22e,testimony,testemunho
,e37b,Thaddaeus,Tadeu
,e20e,thank,graças
,e184,that,aquele
,e125,them,eles
,eb67,Theophilus,Teófilo
,e066,therefore,portanto
,eb12,Thessalonica,Tessalônica
,eb71,Theudas,Teudas
,e125,they,eles
,e0e9,thief,ladrão
,ed0d,thigh,coxa
,e105,thing,coisa
,e06c,think,pensar
,e06c,think_opinion,pensar_opinião
,e06c,think_wonder,pensar_maravilha
,eccf,thirst,sede
,eccf,thirsty,sedento
,e226,this,esta
,e363,Thomas,Tomé
,e27b,thorn,espinho
,e06c,thought,pensamento
,e296,thousand,mil
,e28e,three,três
,ea39,threshing,debulha
,ec42,threshing_floor,eira
,ec84,throne,trono
,e10b,through,através
,e327,throw,lançar
,e044,thunder,trovão
,eb52,Thyatira,Tiatira
,ebb0,Tiberias_city       ,Tiberíades
,ec3d,Tiberius_man        ,Tibério
,e30e,tie,gravata
,e36c,Timaeus,Timeu
,e16a,time,tempo
,e049,times,tempos
,ec96,Timon,Timão
,ec02,Timothy,Timóteo
,ed0f,tithe,dízimo
,eb38,Titus,Tito
,e318,to,para
,e147,to_clothe,vestir
,e07d,to_plant,plantar
,e126,together_people,pessoas_juntas
,e108,together_things,coisas_juntas
 ,e178,tomb,túmulo
,e045,tongue,língua
,eb34,tool,ferramenta
,e10c,touch,tocar
,e30f,tower,torre
,ec3f,Trachonitis,Traconites
,e31f,transfiguration,transfiguração
,e31f,transfigure,transfigurar
,e381,travel,viagem
,e244,tree,árvore
,ec87,trial,provação
,ea81,tribe,tribu
,e03e,tribulation,tribulação
,e381,trip,viagem
,eb14,triumph,triunfo
,ec0b,Troas,Trôade
,eb1e,Trophimus,Trófimo
,e333,trouble,problema
,e09c,true ,verdadeiro
,ea79,trumpet,trompete
,e023,trust,confiar_em
,e09c,truth,verdade
,eb94,try,experimentar
,ebd8,Tryphaena,Trifena
,ebd9,Tryphosa,Trifosa
,e31e,turn,virar
,ec1b,twin,gêmeo
,e28d,two,dois
,ecbb,Tychicus,Tíquico
,ed00,type,tipo
,eb3f,Tyrannus,Tirano
,e33b,Tyre,Tiro
,e194,unbelief,incredulidade
,e10a,under,debaixo
,e063,understand,entender
,e063,understanding,entendimento
,e297,unity,unidade
,e043,unleavened,não_levedado
,e08f,unrighteous,injusto
,e08f,unrighteousness,injustiça
,e37f,untie,desatar
,e16c,until,até
,e315,up,acima
,ebda,Urbanus,Urbano
,ea46,Uriah,Urias
,e167,us,nos
,e08d,use,usar
,e08d,useful,útil
,e190,useless,inútil
,ea5f,Uzziah,Uzias
,eba7,valley,vale
,e09b,value,valor
,e0b4,vendor,vendedor
,ed0c,vengeance,vingança
,e211,very,muito
,eb14,victory,vitória
,e19a,village,vila
,ec91,vine,vinho
,e27f,vineyard,vinhedo
,ea7e,virgin,virgem
,ea80,vision,visão
,e25a,visit,visita
,e042,voice,voz
 ,e391,waist,cintura
,ea11,wait,esperar
,e256,walk,caminhar
,e288,wall,parede
,e020,want,quer
,e283,war,guerra
,e19e,warn,advertir
,e08b,wash,lavar
,e0a8,watchman,guarda
,e23a,watchtower,atalaia
,e247,water,água
,e328,wave,onda
,e23c,way,caminho
,e167,we,nós
,ea24,weak,fraco
,e029,wealth,riqueza
,e029,wealthy,rico
,ebfe,weary,cansado
,e011,wedding,casamento
,ebb2,week,semana
,e0e6,weigh,pesar
,e0e6,weight,peso
,ebb3,well,bem
,ea89,west,oeste
,e247,wet,molhado
,e109,what,o_que
,e279,wheat,trigo
,e16a,when,quando
,e15a,where,onde
,e310,whip,chicote
,e186,whisper,sussurro
,e285,white,branco
,e1a1,who,quem
,e251,whole,completo
,e067,why,porque
,ecc4,wide,amplo
,e016,widow,viúva
,e014,wife,esposa
,e17e,wild ,selvagem
,e156,wilderness,selva
,e020,will,vai
,e220,wind,vento
,e311,window,janela
,e275,wine,vinho
,eb7d,wing,asa
,eb7d,wings,asas
,ec41,winnowing_fork,garfo_de_tração
,e16b,winter,inverno
,e064,wisdom,sabedoria
,e064,wise,sábio
,e24c,with,com
,e22e,witness,testimunha
,e008,woman,mulher
,e244,wood,madeira
,ebfa,wool,lã
,ebb4,word,palavra
,ebb8,Word,Palavra
,e22c,Word_of_God,Palavra_de_Deus
,e08c,work,trabalho
,e129,world,mundo
,ea06,worm,minhoca
,ecd3,Wormwood,absinto
,e056,worry,preocupação
,e182,worse,pior
,e04b,worship,adoração
,e09b,worth,vale_a_pena
,e09b,worthy,digno
,ea19,wrap,envolver
,e02a,wrath_of_God,ira_de_Deus
,e29c,write,escrever
,e12c,writer,escritor
,ea02,wrong,errado
,e0c7,Yahweh,Yahweh_Jeová
,e15e,year,ano
,ecdb,yellow,amarelo
,e09a,yes,sim
,eb09,yoke,jugo
,e314,you,você
,e0f1,young,jovem
,ec7e,Zacchaeus,Zaqueu
,ea6d,Zadok,Zadoque
,ec7f,Zarephath,Sarepta
,e359,Zebedee,Zebedeu
,ea3f,Zebulun,Zebulom
,ea98,Zechariah,Zacarias
,ed09,Zenas,Zenas
,ea4d,Zerah,Zera
,e28b,zero,zero
,ea69,Zerubbabel,Zorobabel
,eb2d,Zeus,Júpiter
,e37e,period,period
,e390,pos,pos
,e390,*,*
,ed11,pn,pn
