,ec80,ancestor
,eb71,Theudas
,eb78,Dionysius
,e01a,love
,e01b,hate
,e01c,kind_nice
,e01d,mercy
,e01e,hungry
,e01f,grace
,e020,desire
,e021,choose
,e022,envy
,e023,trust
,e024,friend
,e025,enemy
,e026,reconcile
,e027,adultery
,e0a4,abomination
,eccf,thirst
,e2cc,Urim
,e2fe,jealous
,e3c4,Reba
,e3c3,Rekem
,ebcf,Philologus
,ebcc,Patrobas
,ebcb,Olympus
,ebca,Nereus
,ebc9,Narcius
,ebc8,Junia
,ebc7,Julia
,eb85,Candace
,ec9b,Jonam
,ec9c,Mattatha
,ec9d,Mattathias
,ec9e,Semien
,ec8a,magician
,ec8f,Hebrew
,ec92,Joel
,ec93,Lucius
,ec94,Pharaoh
,ec96,Timon
,ebde,Asher
,ebdc,Lot
,eba1,Aenon
,eba3,Ephraim_man
,e028,king
,e038,cross
,e062,know
,e071,hand
,e08c,work
,e096,good
,e102,animal
,e105,thing
,e11f,person
,e153,land
,e15f,sun
,e166,me
,e16a,time
,e171,house
,e17c,no
,e198,many
,e19b,small
,e203,face
,e000,man
,e001,boy
,e002,boys
,e003,father
,e004,son
,e005,sons
,e006,brother
,e007,brothers
,e008,woman
,e009,girl
,e00a,girls
,e00b,mother
,e00c,daughter
,e00d,daughters
,e00e,sister
,e00f,sisters
,e010,marriage
,e011,wedding
,e012,husband
,e013,groom
,e014,wife
,e015,bride
,e016,widow
,e017,inheritance
,e018,heir
,e019,generation
,eb02,Anna
,e354,Mary
,eb92,Rhoda
,eb63,Annas
,eb03,Joshua
,eb04,Matthew
,ec76,Salathiel
,ec78,Serug
,ec79,Seth
,ec7a,Shelah
,ec7b,Shem
,ec7c,Susanna
,ec7d,Terah_man
,ec7e,Zacchaeus
,ec6e,Nahor
,ec5c,Elisha
,eb4d,Gamaliel
,e385,Miriam
,eb6c,Judas
,ebce,Persis
,ec1b,twin
,e1c4,Mattithiah
,ed12,Matthat
,ebab,Nicodemus
,e03f,mouth
,e19c,slow
,e19d,humble
,e19e,careful
,e19f,basket
,e200,child
,e201,children
,e202,hill
,e397,least
,e0a3,governor
,e0f1,young
,ea06,worm
,ec65,lake
,ecf4,grape
,e409,Tahath
,e211,very
,e212,here
,e213,hope
,e214,save
,e215,now
,e216,hosanna
,e217,glory
,e218,fall
,e219,faithful
,e21a,fast_speed
,e21b,bright
,e21c,cornerstone
,e21d,covenant
,e21e,beg
,e21f,best
,e220,wind
,e221,sealed
,e222,suffering
,e223,alone
,e224,laugh
,e225,late
,e226,this
,e227,bear_with
,e228,press
,e229,most
,e0a6,baby
,eb8f,eunuch
,eba8,Latin
,ebe7,priority
,ebe8,loud
,eca3,milk
,ecec,complete
,ed0a,jump
,e22a,book
,e22b,gospel
,e22c,Bible
,e22d,story
,e22e,testimony
,e22f,law
,e230,chapter
,eb84,letter
,ebb4,word
,ebb8,Word
,ecfa,meaning
,e3fb,Paltiel
,e1a9,Elah
,e1af,Hadar
,e1b0,Hazo
,e1b1,Heber
,e1b5,Ishmael
,e1b3,Hirah
,e1b4,Husham
,e1b6,Ithran
,e1b7,Jabal
,e1b8,Jahziel
,e1b9,Jakin
,e1ba,Javan
,e1bb,Jeush
,e1bc,Jezer
,e1bd,Joktan
,e1c2,Lud
,e1cf,Amittai
,e1ce,Reuel
,e1d2,Rosh
,e1d3,Puah_man
,e1d6,Shepho
,e1d9,Shobal
,e1d5,Shaul
,e1db,Tahash
,e1de,Zepho
,e1df,Zimran
,e1e3,Eldaah
,e1c3,Manahath
,e1c5,Mibzar
,e1c6,Mishma
,e1c7,Mizzah
,e1c8,Nahath
,e1c9,Omar
,e1ca,Onam
,e1cb,Onan
,e1cc,Pallu
,e1cd,Potiphera
,e1e9,Eden_man
,e35c,Levi_Matthew
,e1ee,Bedad
,e2d1,Machir_man
,e0bb,Ahisamak
,e0cb,Gershom
,e0cc,Jethro
,e0cf,Oholiab
,e0bf,Bezalel
,e231,start
,e232,end
,e233,first
,e234,last
,e235,birth
,e236,mature
,e237,result
,e0d2,fulfill
,ec54,awake
,e2ab,Ahiezer
,e2ac,Ahiman
,e2ad,Ammiel
,e238,eye
,e23c,road
,e23e,door
,e244,tree
,e247,water
,e24b,same
,e24e,knife
,e251,all
,e253,clothing
,e256,walk
,e25b,fly
,e25f,chain
,e263,fish
,e265,boat
,e268,soft
,e272,moon
,e274,cup
,e279,grain
,e27c,storm
,e27e,fruit
,e280,table
,e282,sword
,e284,color
,e288,wall
,e28b,zero
,e28c,one
,e28d,two
,e28e,three
,e28f,four
,e290,five
,e291,six
,e292,seven
,e293,eight
,e294,nine
,e295,ten
,e296,thousand
,e298,chair
,e299,ear
,e29a,heart
,e29b,part
,e29c,pen
,e29d,belt
,e29e,box
,e29f,camel
,e300,near
,e301,fire
,e302,hole
,e303,horse
,eda6,cave
,e305,measure
,e306,mountain
,e307,net
,e308,new
,e309,nose
,e30a,pig
,e30c,snake
,e30d,sweet
,e30e,tie
,e30f,tower
,e310,whip
,e311,window
,e312,air
,e313,straight
,e314,you
,e029,money
,e120,big
,e02a,wrath_of_God
,e204,anger
,e02b,tax
,e260,free
,e02c,redeem
,e02d,reward
,e02e,market_place
,e02f,kingdom
,e030,oil
,e031,honor
,e032,dominion
,e033,anointed
,e040,call
,e041,appointed
,e034,authority
,e035,profit
,e036,God
,e037,Jesus
,e039,mustard
,e03a,offering
,e03b,priest
,e03c,crucify
,e03d,temple
,e03e,persecution
,e042,voice
,e043,unleavened
,e315,up
,e044,thunder
,e045,tongue
,e046,salt
,e047,sigh
,e048,spit
,e04a,allow
,e04b,praise
,e04c,teach
,e04d,preach
,e04e,obey
,e04f,name
,e050,mute
,e205,happy
,e051,greeting
,e052,honey
,e053,eat
,e054,feast
,e17d,bad
,e055,accuse
,e056,afraid
,e121,sleep
,e122,bed
,e123,peace
,e17e,wild
,e057,argument
,e058,command
,e063,understand
,e059,explain
,e05a,curse
,e05b,blasphemy
,e05c,bless
,e072,gift
,e05d,bread
,e05e,pray
,e05f,ashamed
,e073,stop
,e060,rebuke
,e064,wisdom
,e106,or
,e065,shame
,e066,because
,e316,questionmark
,e061,questioned
,e067,why
,e068,how
,e069,stranger
,e06a,perceive
,e06b,plan
,e06c,mind
,e206,head
,e06d,lunatic
,e06e,ignorant
,e06f,believe
,e070,assurance
,e074,search
,e075,send
,e076,make
,e077,sew
,e078,needle
,e079,shade
,e07a,share
,e07b,steal
,e07c,stewardship
,e07d,sow
,e27a,seed
,e07e,put
,e07f,need
,e080,go_down
,e081,lift
,e082,harvest
,e083,have
,e084,heal
,e085,hide
,e086,give
,e087,blood
,e088,bring
,e089,lost
,e08a,strong
,e124,power
,e08b,wash
,e248,clean
,e0e4,beat
,e08d,use
,e08e,serve
,e08f,sin
,e090,righteous
,e107,before
,e091,prepare
,e092,easy
,e207,sad
,e093,difficult
,e094,pretend
,e17f,deceive
,e180,impossible
,e095,miracle
,e097,perfume
,e098,possible
,e099,keep
,e09a,correct
,e09b,worth
,e09c,true
,e09d,fix
,e09e,better
,e09f,alive
,e100,amen
,e101,find
,e103,beast
,e104,dog
,e108,gathered
,e109,what
,e10a,under
,e10b,through
,e10c,touch
,e10d,side
,e10e,slave
,e10f,soul
,e110,above
,e111,if
,e112,in_front
,e113,on
,e114,everything
,e115,catch
,e116,behind
,e117,beside
,e118,between
,e119,bottom
,e11a,but
,e11b,about
,e11c,and
,e11d,after
,e11e,away
,e125,they
,e126,together_people
,e127,people
,e128,crowd
,e129,world
,e12a,tax_collector
,e12b,teacher
,e12c,writer
,e12d,servant
,e12e,shoe
,e12f,soldier
,e130,godly
,e131,paralyze
,e133,sower
,e134,preacher
,e135,prophet
,e136,messenger
,e137,lead
,e138,kneel
,e139,harvester
,e13a,help
,e13b,hire
,e13c,holy
,e13d,foot
,e13e,follow
,e13f,evangelist
,e140,everyone
,e141,kill
,e142,disciple
,e143,body
,e144,doctor
,e145,prisoner
,e146,crush
,e147,clothe
,e148,cohort
,e149,shout
,e14a,amazed
,e14b,boast
,e14c,staff
,e14d,ocean
,e14e,arm
,e14f,carpenter
,e150,helper
,e151,sinner
,e152,deceiver
,e154,grow
,e155,everywhere
,e156,wilderness
,e157,countrymen
,e158,foreigner
,e159,earthquake
,e27d,shake
,e15a,where
,e15b,dirt
,e15c,root
,e15d,dust
,e15e,year
,e160,Sabbath
,e161,sundown
,e162,show
,e163,morning
,e164,lamp
,e165,denarius
,e167,us
,e169,Baal_Hanan
,e16b,winter
,e16c,until
,e16d,past
,e16e,future
,e16f,patient
,e170,endure
,e172,prison
,e173,neighbor
,e174,member
,e175,lease
,e176,family
,e177,adopt
,e181,dead
,e178,tomb
,e179,foundation
,e17a,build
,e17b,abide
,e182,worse
,e183,tempt
,e184,other
,e185,quiet
,e186,secret
,e187,spirit
,e188,dry
,e189,old
,e23f,closed
,e18a,open
,e18b,mystery
,e18c,immeasurable
,e18d,famine
,e18e,fast_no_eat
,e18f,forgive
,e190,futile
,e191,deaf
,e192,blind
,e193,disobey
,e194,doubt
,e195,betray
,e196,brave
,e197,far
,e199,more
,e19a,village
,e208,hair
,e209,health
,e20a,sick
,e20b,festival
,e20c,cry
,e20d,Passover
,e20e,grateful
,e20f,skull
,e210,bow
,e317,descend
,e269,hard
,e26a,rock
,e37a,promise
,e24f,pain
,e24c,with
,e239,lust
,e23a,watchtower
,e23b,prophesy
,e23d,human_nature
,e240,in
,e241,out
,e242,enter
,e243,leave
,e245,myrrh
,e246,branch
,e249,dirty
,e24a,baptize
,e24d,according_to
,e26b,flesh
,e250,circumcise
,e252,always
,e254,curtain
,e255,leather
,e257,stumble
,e258,run
,e259,dance
,e25a,come
,e25c,bird
,e25d,rooster
,e25e,dove
,e261,discourage
,e262,encourage
,e264,fisherman
,e266,stern
,e267,sail
,e26c,pillow
,e26d,gentle
,e26e,cloud
,e26f,bag
,e270,sheep
,e271,shepherd
,e273,evening
,e275,wine
,e276,full
,e277,empty
,e278,fill
,e27b,thorn
,e27f,vineyard
,e281,lampstand
,e283,war
,e285,white
,e286,purple
,e287,red
,e289,gate
,e28a,hedge
,e297,unity
,e318,forward
,e319,down
,e31a,from
,e31b,around
,e31c,stretch
,e31d,flip
,e31e,change
,e31f,transfiguration
,e320,repent
,e321,deep
,e322,arise
,e323,direction
,e324,lower_adj
,e325,backward
,e326,divide
,e327,throw
,e328,wave
,e329,resurrect
,e32a,buy
,e32b,sell
,e32c,stand
,e32d,leaven
,e32e,smaller
,e32f,move
,e330,against
,e331,hour
,e332,control
,e333,trouble
,e334,Christ
,e335,Satan
,e336,John_the_Baptist
,e3ca,Elealeh
,e337,Galilee
,e338,Jerusalem
,e339,Judea
,e33a,Capernaum
,e33b,Tyre
,e33c,Sidon_city
,e33d,Canaan_land
,e33e,Decapolis
,e33f,Gadara
,e340,Bethsaida
,e341,Gennesaret
,e342,Syria
,e343,Phoenicia
,e344,Dalmanutha
,e345,Greece
,e346,Caesarea
,e347,Philippi
,e348,Bethphage
,e349,Bethany
,e34a,Gethsemane
,e34b,Golgotha
,e34c,month
,e34d,Arimathea
,e398,stick
,e34e,Nazareth
,e34f,Jordan_River
,e350,Sea_of_Galilee
,e352,Son_of_Man
,e353,Mary_Magdalene
,e355,Herodias
,e356,Simon_Peter
,e357,Andrew
,e358,James_the_Disciple
,e359,Zebedee
,e35a,John
,e35b,Moses
,e35e,David
,e35f,Abiathar
,e360,Herod
,e361,Philip
,e362,Bartholomew
,e363,Thomas
,e364,Simon_the_Canaanite
,e365,Judas_Iscariot
,e366,Legion
,e367,Jairus
,e368,Judas
,e369,Joses
,e36a,Elijah
,e36b,Bartimaeus
,e36c,Timaeus
,e36d,Barabbas
,e36e,Rufus
,e36f,Pilate
,e370,Caesar
,e371,Mark
,e372,Isaiah
,e373,Abraham
,e374,Isaac
,e375,Jacob
,e376,James
,e377,Paul
,e378,Idumea
,e379,Salome
,e37b,Thaddaeus
,e37c,Simon_of_Cyrene
,e37e,period
,e37f,untie
,e380,heaven
,e381,go
,e382,leprosy
,e383,Pharisee
,e0b6,pigeon
,e384,bowl
,e388,shield
,e390,pos
,eb82,Jotham
,eb1b,Levi
,ec3a,Elizabeth
,ec3b,Quirinius
,ec3c,Phanuel
,ec3d,Tiberius_man
,ec44,Eli
,ec45,Melchi
,ec46,Jannai
,ec47,Amos
,ec48,Nahum
,ec49,Esli
,ec4a,Naggai
,ec4b,Maath
,ec4c,Joanan
,ec4f,Adam
,ec50,Addi
,ec51,Admin
,ec52,Arni
,ec53,Arphaxad
,ec56,Cainan
,ec57,Chuza
,ec58,Cleopas
,ec59,Cosam
,ec5a,Eber
,ec5b,Eliezer
,ec5d,Elmadam
,ec5f,Enoch
,ec60,Enos
,ec61,Er
,ec62,Jared
,ec63,Joanna
,ec64,Jorim
,ec66,Lamech
,ec67,Lazarus
,ec68,Mahalalel
,ec69,Martha
,ec6a,Melea
,ec6b,Menna
,ec6c,Methuselah
,ec6d,Naaman
,ec6f,Nathan
,ec70,Neri
,ec71,Peleg
,ec74,Reu
,ec75,Rhesa
,ebb5,Clopas
,ebb6,Didymus
,ebb7,Malchus
,ebb9,Ampliatus
,ebba,Andronicus
,ebbb,Apelles
,ebbc,Aristobulus
,ebbd,armor
,ebbe,Asyncritius
,ebc1,Epaenetus
,ebc2,Esau
,ebc4,Hermas
,ebc5,Hosea
,ec40,Lysanias
,ebd1,Phlegon
,ebd2,Phoebe
,ecfc,prostitute
,edf8,Judith
,eeab,Naamah
,eedb,Iskah
,eee1,Keturah
,eee8,Milkah
,eeee,Shuah
,e1e7,Shua
,e0d4,alabaster
,e0f5,earn
,e1a2,judge
,ea13,hail
,eb14,victory
,eb15,queen
,eb2a,gold
,eb2b,silver
,eb61,prince
,eb80,salvation
,ec22,Creator
,eda4,crown
,e38d,Mattanah
,e2c1,Izhar
,e2c0,Elkanah
,e2bf,Assir
,e2c4,Jochebed
,e2c5,Mahli
,e2c6,Mushi
,e2c9,Phinehas
,e2ca,Putiel
,e2cb,Shimei
,e2cd,Zichri
,e2ce,Zipporah
,ebf1,Herodion
,ebed,Hermes_man
,ebee,Tertius
,ebff,Balak
,ec01,Antipas
,eca2,Jezebel
,eca4,Fortunatus
,eca5,Achaicus
,eca6,Aretas
,eca9,Silvanus
,ecaa,Hymenaeus
,ecab,Hagar
,ecac,Philetus
,ecae,Claudia
,ecaf,Crescan
,ecb2,Demes
,ecb3,Eubulus
,ecb4,Eunice
,ecb5,Hermogenes
,ecb0,Linus
,ecb7,Lois
,ecb8,Onesimus
,ecb9,Phygelus
,ecba,Pudens
,ecbb,Tychicus
,ecbc,Jambres
,ecbe,Jannes
,ecc0,Reuben
,ecbd,Gad
,ecce,Issachar
,ecd7,Abaddon
,ece2,Diotrephes
,ece3,Clement
,ece4,Epaphroditus
,ece5,Euodia
,ece6,Syntyche
,ece7,Archippus
,ecea,Nympha
,ecf1,Apphia
,ecf2,Philemon
,ecf3,Korah
,ed09,Zenas
,ed0b,Job
,ebef,apostle
,ebfc,church
,ebfd,ambassador
,e396,Nemuel
,e39d,Og
,e39e,Ozni
,e39f,Shemida
,e3a0,Shephupham
,e3a1,Ahiram
,e3a3,Arad_man
,e3a4,Asriel
,e3aa,Eran
,e3ab,Gilead_man
,e3ac,Helek
,e3ad,Hepher
,e2fb,Peleth
,e2fd,Zippor
,e38c,Mahlah
,e38f,Milcah
,e3af,Hoglah
,e3ba,Tirzah
,e3b0,Hupham
,e3b1,Iezer
,e3b8,Shuthelah
,e3b7,Shuham
,e3b9,Sihon
,e3bc,Zelophehad
,e411,Shemuel
,e412,Nobah_man
,e2ff,Nethanel
,e3ef,Jogli
,e414,On_man
,e415,Abiram
,e0b1,teeth
,e0b2,bone
,e0d7,bury
,e0d8,remember
,e0e2,sing
,e0e3,hymn
,e0e5,deny
,e0e8,kiss
,ea07,taste
,ea12,mock
,ea23,language
,ec21,test
,ed10,right_time
,ecee,breath
,ecfe,spice
,eda5,discipline
,e1d0,punishment
,e3b6,Massah
,e3ea,Hazar_Addar
,eb79,foreknowledge
,e0e6,weigh
,e0e7,heavy
,e1a3,receive
,ea25,justice
,ea24,weak
,ea34,scatter
,eb8b,knock
,ebdf,ring
,eba5,finger
,ebe3,cymbal
,ebe5,gong
,ed0c,avenge
,e40c,Zalmonah
,e413,tambourine
,e132,shoulder
,eb10,custom
,e395,Nazirite
,e3cd,Jogbehah
,e3f0,Jotbathah
,e0a7,angel
,e0cd,Marah
,ecc6,harp
,ecc7,string
,eb34,tool
,ec41,winnowing_fork
,eb11,fat_animal
,eb09,yoke
,ecb6,lion
,ecd6,tail
,ecef,bear
,ecf6,frog
,ecf8,leopard
,efb6,deer
,e3cf,Nimrah
,e38b,Abarim
,e2db,breast
,e39a,cover
,e839,become_thing
,eb83,corner
,ebe6,mirror
,e049,repeat
,e0be,bell
,e0eb,Thummim
,e3c7,Ataroth_Shopham
,e404,scepter
,e3f1,Kehelathah
,e2c8,toe
,eee3,Leummim
,eee2,Letush
,e1ef,Asshurites
,e1ea,Ludites
,edc9,Kasluhites
,edc8,Caphtorites
,edb7,Arkites
,e1e5,Jebusites
,e1c1,Lehabites
,efd5,Kenites
,efd1,Kadmonites
,efa8,Emites
,eef7,Zuzites
,eef4,Zemarites
,eed1,Sinites
,eebd,Rephaim
,eeb5,Perizzites
,eeb4,Pathrusites
,edf1,Horites
,edee,Hivites
,eded,Hittites
,ede7,Hamathites
,ede1,Girgashites
,edaf,Amorites
,edae,Ammon
,ed0d,thigh
,ed07,spy
,ebf2,another
,ebc3,creation
,ebe0,leg
,ebfe,weary
,ebac,passion
,ec9f,elect
,ec04,philosopher
,ec05,Epicurean
,ec06,Stoic
,e391,waist
,e386,plate
,e83b,stay
,e0b4,vendor
,e0a2,country
,e0c6,Nineveh
,e1a1,who
,e0e9,robber
,e0f9,Jew
,ea03,Sadducee
,ea04,Israel
,ea05,Herodians
,ea10,murderer
,ea11,wait
,ec39,Gabriel
,eb5f,couch
,eb60,descendant
,eb62,elder
,eb7a,centurion
,eb90,Christian
,ec86,burden
,ec8c,sorcery
,e1f2,Zin
,ecd0,burn
,ece0,flood
,eced,own
,ecfd,sand
,eeb7,Philistia
,eeb9,pitch
,efbf,Goshen
,eeea,Paddan_Aram
,eec8,Kiriathaim
,eec7,Sephar
,ede8,Havilah_land
,edcc,Dan_land
,e2ea,Rehob
,edbc,Assyria
,ebd6,Spain
,ec87,case
,e1f3,Zoan
,e0d9,stair
,e0f6,courtyard
,ec3e,Ituraea
,ec3f,Trachonitis
,ebc6,Illyricum
,ec4d,Abilene
,ec4e,Abyss
,ec5e,Emmaus
,ec7f,Zarephath
,eb58,Antioch
,eb59,Cyrene
,eb5a,Alexandria
,eb5b,Cilicia
,eb5d,Hamor
,eb6d,Elam_land
,eb6e,Pamphylia
,eb6f,Asia
,eb70,Media
,eb72,Mesopotamia
,eb73,Lybia
,eb74,Cappadocia
,eb75,Pontus
,eb76,Phrygia
,eb77,Arabia
,eb7c,Achaia
,eb7e,Azotus
,eb7f,Gaza
,eb91,farm
,eb96,countryside
,eb97,Pisidia
,eb98,citizen
,eb93,Adramyttium
,ec08,Ptolemais
,ec0b,Troas
,ec0c,Ephesus
,ec0d,Macedonia
,ec13,Lycia
,ec14,Cnidus
,ec16,Lasea
,ec18,Fair_Haven
,ec1c,Syracuse
,ec1d,Rhegium
,ec1e,Puteoli
,ec1f,Iconium
,ec23,Patara
,ec2d,Joppa
,e2c2,Etham
,ec82,chariot
,ec83,farewell
,ec84,throne
,ec85,savior
,ebf5,Smyrna
,ebf6,Pergamum
,ec27,forest
,ec28,Myra
,ec29,Phoenix
,ec2b,Sharon
,ec2e,Lydda
,ec30,Tarsus
,ec31,Damascus
,ec32,Ethiopia
,ec90,Italy
,ec8b,sky
,ec95,Shechem_city
,ebdd,Ashhur
,ebb1,Siloam_city
,ebe1,Salamis
,eba0,Bethesda
,eba2,Cana
,eba4,Ephraim_land
,ebae,Salim
,ebb0,Tiberias_city
,ebf7,Sardis
,ebf8,Philadelphia
,ebf9,Laodicea
,edd9,Erech
,e0ce,Migdol
,e2c7,Meribah
,e2d5,Taberah
,e0a5,pregnant
,e0c8,stomach
,e0f7,council
,ea02,wrong
,ea16,lots
,ea19,wrap
,e2a2,Lebo_Hamath
,e2a0,Kibroth_Hattaavah
,e3a6,Bashan
,ed01,spot
,e0dd,Rephidim
,edb8,Arvad
,edba,Ashteroth_Karnaim
,eddc,garden
,edd2,Eden_garden
,edd3,El
,edd6,Ellasar
,eddd,Gerar
,eea3,Mamre
,eea5,Mesha_land
,eeaa,Moreh
,eeae,Negev
,eeb1,Nod
,efa1,Gilead_land
,e0ef,Ashur_land
,e1a7,Edom_land
,e38a,Jazer
,ed02,Barak
,ed03,Gideon
,ed04,Jephthah
,ed05,Melchizedek
,ed06,Samson
,eb81,Cornelius
,eb89,Agabus
,eb8a,Claudius
,eb8d,Blastus
,eb8e,Samuel
,eb99,Felix
,eb9a,Antipatris
,eb9b,Tertullus
,eb9c,Drusilla
,eb9d,Agrippa
,eb9e,Bernice
,ec02,Timothy
,ec07,Julius
,ec0e,Erastus
,ec0f,Gaius
,ec10,Aristarchus
,ec1a,Publius
,ec20,Sopater
,ec24,Alphaeus
,ec2a,Aeneas
,ec2c,Dorcas
,ec34,Artemas
,ec37,Lysias
,ec38,Porcius
,ebd3,Quartus
,ebd4,Rebekah
,ebd5,Sarah
,ebd7,Stachys
,ebd8,Tryphaena
,ebd9,Tryphosa
,ebda,Urbanus
,ebe2,Chloe
,ebea,Stephanas
,ebeb,Eve
,eda7,Adah
,edbd,Basemath
,eea2,Mahalath
,eec4,Sarai
,eda9,Ahuzzath
,edac,Almodad
,edb1,Amraphel
,edb2,Anam
,edb3,Aner
,edb4,Aram_man
,edb6,Arioch
,edb9,Ashkenaz
,eb64,Jason
,e0de,Shiphrah
,ecad,Carpus
,ecb1,Dalmatia
,ece8,Colossae
,ece9,Hierapolis
,eceb,Scythia
,ecf7,Gog
,ecf9,Magog_land
,ecfb,Megiddo
,ed08,Nicopolis
,edbb,Ashur_man
,edbe,Beeri
,edc2,Ben_Ammi
,edc3,Bera
,edc5,Birsha
,edc7,Canaan_man
,edca,Cush_man
,edcd,Dan_man
,edce,Dedan
,edcf,Dodanim
,edec,Heth
,edd4,Elam_man
,edd7,Elon
,eddb,Eshkol_man
,edde,Gether
,ede3,Gomer
,ede4,Hadoram
,ede5,Ham_man
,ede9,Hazarmaveth
,edf2,Hul
,edf3,Irad
,edf4,Japheth
,edf5,Jerah
,edf6,Jobab
,edf7,Jubal
,edfb,Kedorlaomer
,edfc,Kittim
,edfd,Laban
,edff,Madai
,eea1,Magog_man
,eea4,Mehujael
,eea6,Meshech
,eea7,Methushael
,eea8,Mizraim
,eea9,Moab_man
,eeac,Naphtuh
,eead,Nebaioth
,eeaf,Nimrod
,eeb2,Obal
,eeb3,Ophir
,eeb6,Phicol
,eebb,Raamah
,eec1,Riphath
,eec2,Sabtah
,eec3,Sabteka
,eec5,Seba
,eec9,Sheba
,eeca,Sheleph
,eecb,Shemeber
,eecc,Shinab
,eecf,Sidon_man
,eed3,Tarshish_man
,eed5,Tidal
,eed7,Tiras
,eed8,Togarmah
,eed9,Tubal
,ec97,Shechem_man
,eeda,Ishbak
,eedc,Jetur
,eedd,Jokshan
,eede,Kedar
,eedf,Kedemah
,e1eb,Midian_man
,e1ec,Dishan
,e1ed,Bela_man
,eee5,Massa
,eee6,Mibsam
,eee7,Medan
,e83c,how_long
,e0c4,summer
,ec88,ceremony
,eee9,Naphish
,eeeb,Paran
,eeec,Potiphar
,eeed,Tema
,eeef,Tubal_Cain
,eef1,Uz_man
,eef2,Uzal
,eef8,Abida
,eefd,Dumah
,eefe,Epher
,eeff,Ephron
,efa2,Hadad
,efa4,Haran_man
,efa7,Zohar
,efac,Areli
,efae,Ashbel
,efb1,Beker
,efb2,Bered_man
,efb3,Beriah
,efb8,Ehi
,efbb,Gaham
,efbd,Gera
,efbe,Gershon
,efc1,Guni
,efc2,Haggi
,eef5,Zillah
,eefa,Bilhah
,eefc,concubine
,efa6,Zilpah
,efad,Asenath
,efb5,Deborah
,efb7,Dinah
,efd9,Leah
,effe,Matred
,eff0,Mehetabel
,efe0,Oholibamah_woman
,ef80,Timna_woman
,efc4,Reumah
,e0ba,Anah
,e0dc,Puah_woman
,e1d4,Serah
,e2d8,Maakah_woman
,e2d2,Machir_woman
,e3b5,Elisheba
,efc3,Hamul
,effa,Havilah_man
,efc5,Huppim
,efc6,Hushim
,efc7,Imnah
,efc8,Ishvah
,efc9,Ishvi
,efcb,Jahleel
,efcc,Jamin
,efcd,Jemuel
,efce,Jidlaph
,efd2,Karmi
,efd3,Kemuel
,efd4,Kenaz
,efd6,Kesed
,efd8,Kohath
,efda,Maacah
,efdc,Merari
,efde,Muppim
,efe3,Pildash
,efe1,Ohad
,efe5,Akan
,efe6,Alvah
,efe8,Alvan
,efe9,Amalek_man
,e3c2,Evi
,e0b9,synagogue
,e0a1,building
,eb06,room
,ea3d,divorce
,ec42,threshing_floor
,ec43,storehouse
,ec55,bank
,eb5e,porch
,e38e,Medeba
,e399,nest
,e394,Nahaliel
,e3c8,Baal_Meon
,efea,Avith
,efeb,Bilhan
,efee,Dishon
,efef,Ebal
,eff1,Eliphaz
,eff2,Eshban
,eff3,Gatam
,eff4,Hemdan
,eff5,Hori
,eff6,Iram
,eff7,Jalam
,eff8,Jetheth
,eff9,Keran
,effb,Lotan
,effc,Magdiel
,efff,Me_Zahab
,efc0,Pinon
,efb0,Samlah
,efa0,Shammah
,ef90,Teman_man
,eeba,Put_man
,e0ad,Timna_man
,ef70,Zaavan
,ef60,Zibeon
,efcf,Malkiel
,e0ac,Oholibamah_man
,e0ab,Abimelech
,edd1,Sered
,edd5,Shillem
,efe7,Shimron
,e0e0,Shuni
,e0b0,Tebah
,e0c0,Tola
,e0d0,Zephon
,e0ed,Akbor
,e0fa,Aran
,e0ee,Lob
,e0fb,Abimael
,e0fe,Adbeel
,e0fd,Aiah
,e0ff,Ard
,e1a0,Bethuel_man
,e168,Arodi
,e1a4,Ben_oni
,e1a5,Buz
,e1a6,Edom_man
,e1b2,Heman
,e0c9,Sheol
,e0f2,cold
,ea17,dark
,ea20,linen
,ec81,Pentecost
,eb87,demon
,ec26,Molech
,e35d,idol
,ebdb,bribe
,ebbf,Baal
,ece1,Michael_angel
,ecd2,bitter
,ecd3,Wormwood
,ed0e,Antichrist
,e3a8,Chemosh
,e3b2,Iye_Abarim
,e3b3,Jahaz
,e3f9,Nebo
,e3a9,Dibon
,e39c,Oboth
,e39b,Nophah
,e2be,Hazeroth
,e0db,Pithom
,eda8,Admah
,edaa,Ai
,edab,Akkad
,edbf,Beersheba
,edc1,Bela_village
,edc4,Bethel
,edc6,Calah
,ede6,Ham_village
,edea,Hazezon_Tamar
,edeb,Hebron
,edef,Hobah
,edf9,Kadesh
,edfa,Kalneh
,edfe,Luz
,eebc,Rehoboth
,eebe,Resen
,e3bb,Waheb
,e3a2,Ar
,eecd,Shinar
,eed4,Tarshish_village
,eef3,Zeboyim
,eef6,Zoar
,efa9,Abel_Mizraim
,efaa,Adullam
,efaf,Atad
,efba,Ephrath
,efd7,Kiriath_Arba
,efdb,Mahanaim
,efe2,On_city
,efe4,Peniel
,efec,Bozrah
,efed,Dinhabah_city
,efd0,Pau
,e0a0,Succoth_city
,e1bf,Kezib
,e1c0,Lasha
,e1d8,Shiloh
,e1da,Shur
,e1dc,Timnah
,e1e0,Bethuel_city
,eee4,Machpelah
,efa3,Dothan
,e2d0,Bered_city
,e2cf,Mizpah
,e0ca,Elim
,e0ea,Sin
,efa5,Ur
,efdd,Moriah
,efb4,Rameses
,e1dd,Uz_land
,e1e2,Cush_land
,e1e1,Teman_land
,effd,Masrekah_city
,e3c5,Aroer
,e0d3,neck
,ea21,blessed
,ecc5,horn
,e2ae,Ammihud
,e2af,Ammishaddai
,e2b0,Anak
,e2b2,Caleb
,e2b3,Deuel
,e2b4,Eldad
,e2b5,Eliab
,e2b6,Eliasaph
,e2b7,Elishama
,e2b8,Elizaphan
,e2b9,Enan
,e2ba,Gaddi
,e2bb,Gaddiel
,e2bc,Gemalli
,e2bd,Gideoni
,e2e9,Raphu
,e2eb,Sethur
,e2ec,Shammua
,e1e8,Shaphat
,e2ed,Shedeur
,e2ee,Shelumiel
,e2d3,Sheshai
,e2d4,Sodi
,e2d6,Talmai
,e1f0,Vaphsi
,e1f1,Zaccur
,e1f4,Zuar
,e1f5,Zuriel
,e1f6,Zurishaddai
,e1f7,Abidan
,e1f8,Abihail
,e2f6,Bamoth_man
,e1fa,Elizur
,e1fb,Geuel
,e1fc,Helon
,e1fd,Hobab
,e1fe,Igal
,e1ff,Jephumeh
,e2a1,Lael
,e2a3,Maki
,e2a4,Medad
,e2a5,Michael_man
,e2a6,Nahbi
,e2a7,Okran
,e2a8,Pagiel
,e2a9,Palti
,e2aa,Pedahzur
,e2dd,Abiasaph
,e2de,Abihu
,e2df,Amram
,e2e0,Hur
,e2e1,Ithamar
,e2e2,Libni
,e2e4,Nepheg
,e2e3,Nadab
,e2e5,Sithri
,e2e6,Nun
,e2e8,Uri
,e2dc,Mishael
,e2ef,Dibri
,e2f0,Elzaphan
,e2f1,Shelomith
,e2f2,Uzziel
,e2f3,Abidah
,e2f4,Ahira
,e2f7,Dathan
,e3e2,Azzan
,e3e3,Bukki
,e3e4,Elidad
,e3e5,Hanniel
,e0a8,watchman
,e0a9,sign
,e0c1,guard
,e0c2,light
,e0c3,star
,ebcd,looks_like
,ecde,glass
,e3ae,Heshbon
,e3cc,Jair
,e3d6,Abronah
,e3e0,Agag
,e3e1,Ahihud
,e3e6,Ain
,e3d7,Akrabbim
,e3d8,Almon_Diblathaim
,e3d9,Alush
,e3e7,Arad_village
,e3da,Azmon
,e3db,Bene_Jaakan
,e3dc,Beth_Jeshimoth
,e3e8,Dibon_Gad
,e3dd,Dophkah
,e3e9,Ezion_Geber
,e3de,Haradah
,e3df,Hashmonah
,ebad,pavement
,e3a5,Atharim
,e0bc,Asherah
,e0b3,leaf
,ea01,stem
,eb24,flower
,eb25,Rhodes
,ec91,vine
,edcb,Cypress
,efab,Allon_Bakuth
,e3ce,Kenath
,e3eb,Hazar_Enan
,e2fa,Moab_land
,eb05,island
,eb88,Cyprus
,ec17,Adriatic_Sea
,ec19,Malta
,ec25,Samos
,ec36,Cauda
,ec8d,Crete
,ebaf,Sea_of_Tiberias
,ebb3,well
,ebec,clay
,ebf4,Patmos
,ea3e,rain
,ebfb,snow
,edda,Esek
,eed2,Sitnah
,eef9,Beer_Lahai_Roi
,e3a7,Beer
,e1d7,Shibah
,e401,Rissah
,e402,Rithmah
,ecff,different
,e3c9,Beon
,e3ec,Hor_Haggidgad
,eca7,harsh
,ebf3,sharp
,ec77,scorpion
,ec72,plow
,e83d,grind
,ea35,flour
,ea36,dough
,ea37,precious
,ea38,east
,ea39,threshing
,ea3a,poor
,ea3b,comfort
,ea3c,altar
,ea41,Rachel
,ea42,Ramah
,ea44,Egypt
,ea45,Bethlehem
,ea46,Uriah
,ea47,Simon
,ea48,Nain
,ea4b,Judah
,ea4c,Perez
,ea4d,Zerah
,ea4e,Tamar
,ea4f,Hezron
,ea5b,Abijah
,ea5c,Asa
,ea5d,Jehoshaphat
,ea5e,Joram
,ea5f,Uzziah
,ea60,Jothan
,ea61,Ahaz
,ea62,Hezekiah
,ea63,Manasseh
,ea7f,condemn
,ea80,dream
,e0d1,hell
,ea22,half
,eb07,Athens
,eb0a,Parthia
,eb0b,Haran_land
,eb0c,Sea_of_Reeds
,eb0d,Aaron
,eb0e,Chaldea
,eb0f,Midian_land
,eb12,Thessalonica
,eb13,Berea
,eb08,confuse
,ea59,Corinth
,ec15,Salmone
,e406,Shepham
,ea27,stumbling_block
,eb7d,wing
,ecc9,eagle
,ecdf,dragon
,e3f7,Moseroth
,e0c5,Jonah
,e0d5,jar
,ea18,sponge
,ec03,smoke
,eba9,manna
,ebfa,wool
,ecc3,pastor
,ecdc,rainbow
,ecdd,hail_storm
,eefb,brick
,e40a,Terah_land
,e0d6,pour
,ea8d,drunk
,e3d2,Sibmah
,ea33,grass
,ea26,reed
,e2da,chew_cud
,e3d5,Suphah
,e408,Shittim
,eda1,olive
,eda2,fig
,e400,Rimmon_Perez
,ecd5,breastplate
,ecc8,bow_arrow
,eb86,black
,ecd1,green
,ecda,blue
,ecdb,yellow
,efb9,Enaim
,e0b7,number
,e0b8,census
,ebb2,week
,ebe4,free_no_cost
,ecd9,million
,ed0f,tithe
,ebe9,sound
,e40f,Ziphron
,e3f6,Mithkah
,ed00,type
,e2f5,Arnon
,efdf,Nile
,e30b,river
,ecd8,Euphrates_River
,eddf,Gihon
,eeb8,Pishon
,eed6,Tigris
,efca,Jabbok
,e3cb,Eshkol_land
,e304,insect
,ecd4,locust
,e2d7,Valley_of_Eskol
,ecbf,arrow
,ecc1,height
,ecc2,length
,eebf,rib
,eca8,pillar
,e2b1,banner
,eece,Siddim
,eba6,Kidron_Valley
,eba7,valley
,e3bd,Zered
,ec33,religion
,ec98,incense
,ec99,rough
,ec9a,smooth
,e2f9,Kiriath_Huzoth
,ecc4,wide
,ebc0,reckon
,ea31,south
,ea30,Magadan
,e0f4,left
,e0f3,right
,e0b5,sacrifice
,ed11,pn
,e0f8,Simon_the_Leper
,ea08,Jericho
,ea14,Alexander
,ea15,Joseph
,ea32,Solomon
,ea29,Jonah_Simons_father
,ea28,Jeremiah
,e1ac,Diklah
,e1aa,Ezbon
,e1d1,Abram
,e389,Jashub
,e3ee,Jephunneh
,e3f3,Kislon
,e3fc,Parnak
,e3fd,Pedahel
,e403,Salu
,e405,Shelomi
,e407,Shiphtan
,e40b,Vophsi
,e40e,Zimri
,e410,Zur
,e3b4,Mount_Hor
,e1e6,Jegar_Sahadutha
,e351,Mount_of_Olives
,eb5c,Mount_Sinai
,ecf5,Mount_Zion
,edb5,Ararat
,efbc,Galeed
,e0da,Pi_Hahiroth
,e392,Mount_Peor
,e393,Mount_Pisgah
,e3c0,Bamoth_land
,e3f8,Mount_Shepher
,e40d,Zedad
,e83a,become_person
,e0c7,Yahweh
,e0e1,break
,ea09,donkey
,ea3f,Zebulun
,ea49,owe
,ea4a,beauty
,ea50,Ram
,ea51,Amminadab
,ea52,Nahshon
,ea53,Salmon
,ea54,Boaz
,ea55,Rahab
,ea56,Obed
,ea57,Ruth
,ea58,Jesse
,ea5a,Rehoboam
,ea74,north
,ea76,cloak
,ea77,Caiaphas
,ea79,trumpet
,ea7a,Gomorrah
,ea78,Daniel
,ea7b,Samaritan
,ea7c,fool
,ea7d,goat
,ea7e,virgin
,ea84,guilt
,ea81,tribe
,ea83,Samaria
,ea85,ox
,ea86,fat
,ea87,sex
,ea64,Amon
,ea65,Josiah
,ea66,Jechoniah
,ea67,Babylon
,ea6a,Abiud
,ea6b,Eliakim
,ea6c,Azor
,ea70,Eleazar
,ea6d,Zadok
,ea68,Shealtiel
,ea69,Zerubbabel
,ea71,Matthan
,ea6e,Achim
,ea6f,Eliud
,ea8e,Sodom
,ea8f,Chorazin
,ea90,ash
,ea92,Simon_Jesus_Brother
,ea94,greed
,ea95,self
,ea96,Abel
,ea97,Barachiah
,ea98,Zechariah
,ea9d,key
,ea88,lightning
,ea89,west
,ea8a,fox
,ea8b,flute
,ea8c,gluttony
,ea43,Noah
,eb01,sanctuary
,eb16,Rome
,eb17,Aquila
,eb18,Priscilla
,eb19,Sceva
,eb1a,Demetrius
,eb1d,Secundus
,eb1e,Trophimus
,eb1f,Eutychus
,eb20,Assos
,eb21,Mitylene
,eb22,Chios
,eb23,Miletus
,eb26,Mnason
,eb27,shave
,eb28,metal
,eb29,iron
,eb2c,bronze
,ec73,proverb
,e3c6,Ataroth
,eb9f,Paphos
,ea40,Naphtali
,eb3b,Gallio
,eb2d,Zeus
,eb2e,Amphipolis
,eb2f,Hermes_idol
,eb30,Apollonia
,eb31,Attalia
,eb32,tent
,eb33,strangled
,eb36,cow
,eb37,Damaris
,eb38,Titus
,eb39,crooked
,eb3a,Crispus
,eb3c,Sosthenes
,eb3d,Cenchrea
,eb3e,Apollos
,eb3f,Tyrannus
,eb1c,Pyrrhus
,eb40,Manaen
,eb41,Silas
,eb42,Seleucia
,eb43,Derbe
,eb44,Lystra
,eb45,Sergius
,eb46,Galatia
,eb47,Perga
,eb48,Bithynia
,eb49,Kish
,eb4a,Mysia
,eb4b,Benjamin
,eb4c,Samothrace
,eb4e,Neopolis
,eb4f,justify
,eb51,Lycaonia
,eb52,Thyatira
,eb50,Lydia
,eb53,Prochorus
,eb54,Saul
,eb55,Nicanor
,eb56,Nicolaus
,eb57,Parmenas
,eb65,Ananias
,eb66,Sapphira
,eb67,Theophilus
,eb68,Luke
,eb69,Barsabbas
,eb6a,Justus
,eb6b,Stephen
,eb94,try
,ec2f,Barnabas
,ec35,Areopagus
,ebaa,nail
,eca1,Balaam
,ec8e,Freedmen
,ecf0,example
,eda3,Beor
,ede2,Goiim
,eec6,Seir
,e1ad,Ephah
,e1ae,Eri
,e1ab,Ezer
,e1e4,El_Elohe
,e0bd,Baal_Zephon
,e2c3,Massah
,e2e7,Succoth_land
,e2f8,Hormah
,e2fc,Pethor
,e3be,Zophim
,e3d0,Nobah_land
,e3f2,Kinnereth
,e3d1,Kozbi
,e3f4,Libnah
,e3f5,Makheloth
,e3fe,Punon
,e3ff,Riblah
