"","man","e000","hombre",,
"","boy","e001","muchacho",,
"","boys","e002","muchachos",,
"","father","e003","padre",,
"","son","e004","hijo",,
"","sons","e005","hijas",,
"","brother","e006","hermano",,
"","brothers","e007","hermanos",,
"","woman","e008","mujer",,
"","girl","e009","muchacha",,
"","girls","e00a","muchachas",,
"","mother","e00b","madre",,"/"
"","daughter","e00c","hija ",,
"","daughters","e00d","hijas",,
"","sister","e00e","hermana",,
"","sisters","e00f","hermanas",,
"","marriage","e010","matrimonio",,
"","wedding","e011","boda",,
"","husband","e012","esposo",,
"","groom","e013","novio",,
"","wife","e014","esposa",,
"","bride","e015","novia",,
"","widow","e016","viuda",,
"","inheritance","e017","herencia",,
"","heir","e018","heredero",,
"","generation","e019","generación",,
"","compassion","e01a","compasión",,
"","love","e01a","amor",,
"","enmity","e01b","enemistad",,
"","hate","e01b","odio",,
"","kind_nice","e01c","amable_simpático",,
"","kindness","e01c","amabilidad",,
"","mercy","e01d","misericordia",,
"","hungry","e01e","hambriento",,
"","grace","e01f","gracia",,
"","desire","e020","deseo",,
"","like ","e020","gustar",,
"","want","e020","querer",,
"","will","e020","voluntad",,
"","choose","e021","escoger",,
"","covet","e022","codiciar",,
"","envy","e022","envidia",,
"","trust","e023","confiar",,
"","friend","e024","amigo",,
"","enemy","e025","enemigo",,
"","reconcile","e026","reconciliar",,
"","adultery","e027","adulterio",,
"","king","e028","rey",,
"","lord","e028","señor",,
"","master","e028","amo",,
"","ruler","e028","gobernante",,
"","money","e029","dinero",,
"","wealth","e029","riqueza",,
"","wealthy","e029","adinerado",,
"","wrath_of_God","e02a","ira_de_Dios ",,
"","tax","e02b","impuesto",,
"","redeem","e02c","redimir",,
"","redemption","e02c","redención",,
"","reward","e02d","recompensa",,
"","market_place","e02e","plaza_del_mercado",,
"","kingdom","e02f","reino",,
"","oil","e030","aceite",,
"","honor","e031","honor",,
"","dominion","e032","dominio",,
"","anointed","e033","ungido",,
"","authority","e034","autoridad",,
"","profit","e035","ganancia",,
"","God","e036","Dios",,
"","Jesus","e037","Jesús",,
"","cross","e038","cruz",,
"","mustard","e039","mostaza",,
"","offering","e03a","ofrenda",,
"","priest","e03b","sacerdote",,
"","crucify","e03c","crucificar",,
"","temple","e03d","templo",,
"","persecute","e03e","perseguir",,
"","persecution","e03e","persecución",,
"","tribulation","e03e","tribulación",,
"","confession","e03f","confesión",,
"","mouth","e03f","boca",,
"","said","e03f","dijo",,
"","speak","e03f","hablar",,
"","beckon","e040","hacer_señas",,
"","call","e040","llamar",,
"","appointed","e041","nombrado",,
"","voice","e042","voz",,
"","unleavened","e043","ázimo",,
"","thunder","e044","trueno",,
"","tongue","e045","lengua",,
"","salt","e046","sal ",,
"","sigh","e047","suspiro",,
"","spit","e048","escupir",,
"","continue","e049","continuar",,
"","repeat","e049","repetir",,
"","times","e049","tiempos",,
"","times","e049","época",,
"","allow","e04a","dejar",,
"","permission","e04a","permiso",,
"","permit","e04a","permitir",,
"","dignify","e04b","dignificar",,
"","exalt","e04b","exaltar",,
"","praise","e04b","alabanza",,
"","worship","e04b","adorar",,
"","teach","e04c","enseñar",,
"","teaching","e04c","enseñanza",,
"","preach","e04d","predicar",,
"","preaching","e04d","predicación",,
"","obedience","e04e","obediencia",,
"","obey","e04e","obedecer",,
"","name","e04f","nombre",,
"","mute","e050","mudo",,
"","greeting","e051","saludo",,
"","honey","e052","miel",,
"","eat","e053","comer",,
"","food","e053","alimento",,
"","meal","e053","comida",,
"","feast","e054","banquete",,
"","accuse","e055","acusar",,
"","criticize","e055","criticar",,
"","revile","e055","denigrar",,
"","afraid","e056","miedo",,
"","fear","e056","temor",,
"","worry","e056","preocupación",,
"","argument","e057","discusión",,
"","command","e058","mandar",,
"","insist","e058","insistir",,
"","explain","e059","explicar",,
"","explanation","e059","explicación",,
"","curse","e05a","maldición",,
"","blaspheme","e05b","blasfemar",,
"","blasphemy","e05b","blasfemia",,
"","insult","e05b","insulto",,
"","bless","e05c","bendecir",,
"","blessing","e05c","bendición",,
"","bread","e05d","pan",,
"","loaf","e05d","pan_de_molde",,
"","pray","e05e","orar",,
"","prayer","e05e","oración",,
"","ashamed","e05f","avergonzado",,
"","rebuke","e060","reprender",,
"","ask","e061","preguntar",,
"","questioned","e061","interrogación",,
"","know","e062","conocer",,
"","knowledge","e062","conocimiento",,
"","understand","e063","entender",,
"","understanding","e063","entendimiento",,
"","wisdom","e064","sabiduría ",,
"","wise","e064","sabio",,
"","humiliate","e065","humillar",,
"","shame","e065","avergonzar ",,
" ","because","e066","porque",,
"","purpose","e066","propósito",,
"","reason","e066","razón",,
"","therefore","e066","por_lo_tanto",,
"","why","e067","por_qué",,
"","how","e068","cómo   ",,
"","stranger","e069","extraño",,
"","perceive","e06a","percibir",,
"","plan","e06b","plan",,
"","mind","e06c","mente",,
"","think","e06c","pensar",,
"","think_opinion","e06c","pensar_opinión",,
"","think_wonder","e06c","pensar_preguntando",,
"","thought","e06c","pensamiento",,
"","lunatic","e06d","lunático",,
"","ignorance","e06e","ignorancia",,
"","ignorant","e06e","ignorante",,
"","believe","e06f","creer",,
"","faith","e06f","fe ",,
"","assurance","e070","garantía",,
"","confidence","e070","confianza",,
"","hand","e071","mano",,
"","gift","e072","regalo",,
"","stop","e073","parar",,
"","search","e074","buscar",,
"","send","e075","enviar",,
"","create","e076","crear",,
"","make","e076","hacer",,
"","sew","e077","coser",,
" ","needle","e078","aguja",,
"","shade","e079","sombra",,
"","share","e07a","compartir",,
"","steal","e07b","robar",,
"","stewardship","e07c","mayordomía",,
"","sow","e07d","sembrar",,
"","to_plant","e07d","plantar",,
"","put","e07e","poner",,
"","have_to","e07f","tener_que",,
"","need","e07f","necesidad",,
"","go_down","e080","hacia_abajo",,
"","lower_verb","e080","bajar_verbo",,
"","lift","e081","levantar",,
"","harvest","e082","cosecha",,
"","have","e083","tener ",,
"","heal","e084","sanar",,
"","hide","e085","esconder",,
"","for","e086","para",,
"","give","e086","dar",,
"","blood","e087","sangre",,
"","bring","e088","traer",,
"","carry","e088","cargar",,
"","take","e088","tomar",,
"","lost","e089","perdido",,
"","strong","e08a","fuerte",,
"","wash","e08b","lavar",,
"","do","e08c","hacer",,
"","work","e08c","trabajo",,
"","use","e08d","uso",,
"","useful","e08d","útil",,
"","serve","e08e","servir",,
"","lawlessness","e08f","anarquía",,
"","sin","e08f","pecado",,
"","sinful","e08f","pecaminoso",,
"","unrighteous","e08f","injusto",,
"","unrighteousness","e08f","injusticia",,
"","righteous ","e090","justo",,
"","righteousness","e090","justicia",,
"","righteousness","e090","rectitud",,
"","prepare","e091","preparar",,
"","easy","e092","fácil",,
"","difficult","e093","difícil",,
"","pretend","e094","pretender",,
"","miracle","e095","milagro",,
"","good","e096","bueno",,
"","fragrant","e097","fragante",,
"","perfume","e097","perfume",,
"","possible","e098","posible",,
"","keep","e099","guardar",,
"","correct","e09a","corregir",,
"","yes","e09a","sí ",,
"","value","e09b","valorar",,
"","worth","e09b","valor",,
"","worthy","e09b","digno",,
"","true ","e09c","verdadero",,
"","truth","e09c","verdad",,
"","fix","e09d","arreglar",,
"","better","e09e","mejor",,
"","alive","e09f","vivo",,
"","life","e09f","vida",,
"","live","e09f","vivir",,
"","building","e0a1","edificio",,
"","country","e0a2","país",,
"","nation","e0a2","nación",,
"","governor","e0a3","gobernador",,
"","proconsul","e0a3","procónsul",,
"","abomination","e0a4","abominación ",,
"","pregnant","e0a5","embarazada",,
"","baby","e0a6","bebé",,
"","angel","e0a7","ángel",,
"","watchman","e0a8","centinela",,
"","sign","e0a9","señal",,
"","teeth ","e0b1","dientes",,
"","bone","e0b2","hueso",,
"","leaf","e0b3","hoja",,
"","vendor","e0b4","vendedor",,
"","sacrifice","e0b5","sacrificio",,
"","pigeon","e0b6","paloma",,
"","number","e0b7","número",,
"","census","e0b8","censo",,
"","synagogue","e0b9","sinagoga",,
"","guard","e0c1","guardia",,
"","light","e0c2","luz",,
"","star","e0c3","estrella",,
"","summer","e0c4","verano",,
"","Jonah","e0c5","Jonás",,
"","Nineveh","e0c6","Nínive",,
"","Yahweh","e0c7","Yahvé",,
" ","stomach","e0c8","estómago    ",,
"","Sheol","e0c9","Sepulcro",,
"","hell","e0d1","infierno",,
"","fulfill","e0d2","satisfacer",,
"","neck","e0d3","cuello",,
"","alabaster","e0d4","alabastro",,
"","jar","e0d5","frasco",,
"","pour","e0d6","echar",,
"","bury","e0d7","enterrar",,
"","remember","e0d8","recordar",,
"","level","e0d9","nivel",,
"","stair","e0d9","escalera",,
"","break","e0e1","romper",,
"","Psalm","e0e2","Salmo",,
"","sing","e0e2","cantar",,
"","song","e0e2","canto",,
"","hymn","e0e3","himno",,
"","beat","e0e4","golpear",,
"","hit","e0e4","pegar",,
"","deny","e0e5","negar",,
"","weigh","e0e6","pesar",,
"","weight","e0e6","peso",,
"","heavy","e0e7","pesado",,
"","kiss","e0e8","beso",,
"","robber","e0e9","pillo",,
"","thief","e0e9","ladrón",,
"","young","e0f1","joven",,
"","cold","e0f2","frío",,
"","right","e0f3","derecha",,
"","left","e0f4","izquierda",,
"","deserve","e0f5","merecer",,
"","earn","e0f5","ganar",,
"","courtyard","e0f6","patio",,
"","council","e0f7","consejo",,
"","Simon_the_Leper","e0f8","Simón_el_leproso",,
"","Jew","e0f9","Judio",,
"","Jewish","e0f9","Judíos ",,
"","amen","e100","amén",,
"","find","e101","encontrar",,
"","animal","e102","animal",,
"","beast","e103","bestia",,
"","dog","e104","perro",,
"","thing","e105","cosa",,
"","or","e106","o ",,
"","before","e107","antes",,
"","gathered_things","e108","cosas_reunidas",,
"","together_things","e108","cosas_juntas",,
"","what","e109","qué",,
"","under","e10a","debajo",,
"","pass","e10b","pasar",,
"","through","e10b","a_través_de",,
"","touch","e10c","tocar",,
"","side","e10d","lado",,
"","side","e10d","costado",,
"","slave","e10e","esclavo",,
"","soul","e10f","alma",,
"","above","e110","encima",,
"","over","e110","por_encima_de",,
"","if","e111","si_bien",,
"","if","e111","aunque",,
"","in_front","e112","enfrente_de",,
"","in_front","e112","delante_de",,
"","on","e113","sobre",,
"","on_top_of","e113","encima_de",,
"","everything","e114","toda_cosa",,
"","catch","e115","capturar",,
"","behind","e116","detrás",,
"","beside","e117","al_lado",,
"","between ","e118","entre",,
"","bottom","e119","por_abajo",,
"","but","e11a","pero",,
"","about","e11b","acerca",,
"","and","e11c","y",,
"","after","e11d","después",,
"","away","e11e","lejos",,
"","person","e11f","persona",,
"","big","e120","grande",,
"","lie_down","e121","acostarse",,
"","rest","e121","descanso",,
"","sleep","e121","dormir",,
"","bed","e122","cama",,
"","mattress","e122","colchón",,
"","peace","e123","paz",,
"","ability","e124","habilidad",,
"","can","e124","puede",,
"","power","e124","poder",,
"","them","e125","los",,
"","they","e125","ellos",,
"","gathered_people","e126","gente_reunida",,
"","together_people","e126","gente_junta",,
"","people","e127","gente",,
"","crowd","e128","muchedumbre",,
"","multitude","e128","multitud",,
"","world","e129","mundo",,
"","tax_collector","e12a","recaudador_de_impuestos",,
"","teacher","e12b","maestro",,
"","author ","e12c","autor",,
"","scribe","e12c","escribano",,
"","writer","e12c","escritor ",,
"","deacon","e12d","diácono",,
"","servant","e12d","sirviente",,
"","shoe","e12e","zapato",,
"","soldier","e12f","soldado",,
"","godly","e130","devoto",,
"","righteous_person","e130","persona_justa",,
"","saint","e130","santo",,
"","paralyze","e131","paralizar",,
"","farmer","e133","granjero",,
"","sower","e133","sembrador",,
"","preacher","e134","predicador",,
"","prophet","e135","profeta",,
"","messenger","e136","mensajero",,
"","lead","e137","llevar",,
"","leader","e137","líder",,
"","manage","e137","administrar",,
"","kneel","e138","arrodillarse",,
"","harvester","e139","cosechador",,
"","harvester","e139","segador",,
"","help","e13a","ayuda",,
"","help","e13a","socorro",,
"","hire","e13b","contratar",,
"","holy","e13c","sagrado",,
"","foot","e13d","pie",,
"","follow","e13e","seguir",,
"","evangelist","e13f","evangelista",,
"","everyone","e140","toda_persona",,
"","destroy","e141","destruir",,
"","destruction","e141","destrucción",,
"","kill","e141","matar",,
"","disciple","e142","discípulo",,
" ","body","e143","cuerpo",,
"","doctor","e144","doctor",,
"","healer","e144","sanador",,
"","prisoner","e145","prisionero",,
"","crush","e146","aplastar",,
"","clothe","e147","vestir",,
"","to_clothe","e147","cubrir",,
"","army","e148","ejército",,
"","cohort","e148","cohorte",,
"","shout","e149","grito",,
"","amazed","e14a","asombrado",,
"","amazing","e14a","asombroso",,
"","great","e14a","estupendo",,
"","boast","e14b","alardear",,
"","pride","e14b","orgullo",,
"","proud","e14b","orgulloso",,
"","staff","e14c","bastón",,
"","ocean","e14d","océano",,
"","sea","e14d","mar",,
"","arm","e14e","brazo",,
"","carpenter","e14f","carpintero ",,
"","attendant","e150","encargado",,
"","helper","e150","ayudante",,
"","sinner","e151","pecador",,
"","deceiver","e152","impostor",,
"","hypocrite","e152","hipócrita",,
"","earth","e153","planeta_tierra",,
"","ground","e153","suelo",,
"","land","e153","terreno",,
"","grow","e154","crecer",,
"","growth","e154","crecimiento",,
"","ripen","e154","madurar",,
"","everywhere","e155","en_todas_partes",,
"","desert","e156","desierto",,
"","wilderness","e156","tierra_virgen",,
"","countrymen","e157","campesino",,
"","foreigner","e158","extranjero",,
"","gentile","e158","gentil ",,
"","gentile","e158","no_judío",,
"","sojourner","e158","morador",,
"","earthquake","e159","terremoto",,
"","where","e15a","dónde",,
"","dirt","e15b","barro",,
"","ground_soil","e15b","suelo_de_la_tierra",,
"","soil","e15b","tierra ",,
"","root","e15c","raíz",,
"","dust","e15d","polvo",,
"","year","e15e","año ",,
"","day","e15f","día",,
"","sun","e15f","sol",,
"","sabbath","e160","sabbat ",,
"","sundown","e161","atardecer",,
"","appear","e162","aparecer",,
"","reveal","e162","revelar",,
"","show","e162","mostrar",,
"","morning","e163","la_mañana",,
"","lamp","e164","lámpara",,
"","denarius","e165","denario",,
"","I","e166","Yo",,
"","me","e166","yo",,
"","us","e167","nosotros",,
"","we","e167","nosotros",,
"","time","e16a","tiempo",,
"","when","e16a","cuando",,
"","winter","e16b","invierno ",,
"","until","e16c","hasta",,
"","past","e16d","pasado",,
"","future","e16e","futuro",,
"","longsuffering","e16f","paciencia",,
"","patience","e16f","paciencia",,
"","patient","e16f","paciente ",,
"","endure","e170","aguantar",,
"","house","e171","casa",,
"","prison ","e172","prisión",,
"","neighbor","e173","vecino",,
"","member","e174","miembro ",,
"","lease","e175","contrato_de_arrendamiento",,
"","family","e176","familia",,
"","relative","e176","familiares",,
"","adopt","e177","adoptar",,
"","adoption","e177","adopción ",,
"","grave","e178","sepultura",,
" ","tomb","e178","tumba",,
"","foundation","e179","fundación",,
"","build","e17a","construir",,
"","abide","e17b","soportar",,
"","dwell","e17b","morar ",,
"","no","e17c","no",,
"","not","e17c","no",,
"","bad","e17d","malo",,
"","wild ","e17e","salvaje",,
"","deceive","e17f","engañar",,
"","deception","e17f","engaño",,
"","false ","e17f","falso",,
"","lead_astray","e17f","llevar_por_mal_camino",,
"","lie ","e17f","mentira",,
"","impossible","e180","imposible",,
"","dead","e181","muerto",,
"","death","e181","muerte",,
"","die","e181","morir",,
"","worse","e182","peor ",,
"","tempt","e183","tentar",,
"","temptation","e183","tentación",,
"","other","e184","otro",,
"","that","e184","que",,
"","quiet","e185","silencioso",,
"","silence","e185","silencio",,
"","secret","e186","secreto",,
"","whisper","e186","susurro",,
"","spirit","e187","espíritu",,
"","dry","e188","seco",,
"","old","e189","viejo",,
"","open","e18a","abierto",,
"","mystery","e18b","misterio",,
"","immeasurable","e18c","inconmensurable",,
"","famine","e18d","hambruna",,
"","fast_no_eat","e18e","ayuno_no_comer",,
"","forgive","e18f","perdonar",,
"","forgiveness","e18f","perdón",,
"","futile","e190","fútil",,
"","useless","e190","inútil",,
"","deaf","e191","sordo",,
"","blind","e192","ciego",,
"","disobedience","e193","desobediencia",,
"","disobey","e193","desobedecer",,
"","rebellion","e193","rebelión",,
"","reject","e193","rechazar",,
"","doubt","e194","duda",,
"","unbelief","e194","incredulidad",,
"","betray","e195","traicionar",,
"","betrayal","e195","traición",,
"","brave","e196","valiente",,
"","courage","e196","coraje",,
"","far ","e197","lejos",,
"","many","e198","muchos",,
"","much","e198","mucho ",,
"","more","e199","más",,
"","village","e19a","aldea",,
"","few","e19b","pocos",,
"","small","e19b","pequeño",,
"","slow","e19c","lento",,
"","slow","e19c","despacio",,
"","humble","e19d","humilde",,
"","humility","e19d","humildad",,
"","careful","e19e","cuidadoso",,
"","warn","e19e","advertir",,
"","basket","e19f","canasta",,
"","who","e1a1","quién",,
"","judge","e1a2","juez",,
"","judgment","e1a2","juicio",,
"","gain","e1a3","ganar",,
"","receive","e1a3","recibir",,
"","child","e200","niño",,
"","children","e201","niños",,
"","hill","e202","monte ",,
"","face","e203","rostro",,
"","anger","e204","enojo",,
"","angry","e204","enojado",,
"","happy","e205","feliz",,
"","joy","e205","gozo",,
"","head","e206","cabeza",,
"","grieve","e207","entristecer",,
"","sad","e207","triste",,
"","hair","e208","pelo",,
"","health","e209","salud ",,
"","healthy","e209","saludable",,
"","disease","e20a","enfermedad",,
"","sick","e20a","enfermo",,
"","festival","e20b","festival",,
"","party","e20b","fiesta",,
"","cry","e20c","llorar",,
"","Passover","e20d","Pascua",,
"","grateful","e20e","agradecido",,
"","gratitude","e20e","gratitud",,
"","thank","e20e","agradecer",,
"","skull","e20f","cráneo",,
"","bow","e210","inclinar",,
"","very","e211","muy",,
"","here","e212","aquí",,
"","hope","e213","esperanza",,
"","rescue","e214","rescatar",,
"","save","e214","salvar",,
"","immediately","e215","inmediatamente",,
"","now","e215","ahora",,
"","hosanna","e216","hosanna",,
"","glorify","e217","glorificar",,
"","glory","e217","gloria",,
"","fall","e218","caer",,
"","faithful","e219","fiel",,
"","faithfulness","e219","fidelidad",,
"","fast_speed","e21a","velocidad_rápida ",,
"","bright","e21b","brillante",,
"","cornerstone","e21c","piedra_angular",,
"","covenant","e21d","pacto",,
"","beg","e21e","suplicar",,
"","best","e21f","mucho_mejor",,
"","wind","e220","viento",,
"","seal","E221","sello ",,
"","sealed","e221","sellado",,
"","suffer","e222","sufrir",,
"","suffering","e222","sufrimiento",,
"","alone","e223","solo",,
"","only","e223","solamente",,
"","laugh","e224","reír",,
"","laughter","e224","risa",,
"","late ","e225","tarde",,
"","later","e225","más _tarde",,
"","this","e226","este",,
"","bear_with","e227","tener_paciencia_con",,
" ","press","e228","presionar",,
"","most","e229","la_mayoría_de",,
"","book","e22a","libro",,
"","learn","e22a","aprender",,
"","read","e22a","leer",,
"","good_news","e22b","buenas_nuevas",,
"","gospel","e22b","evangelio",,
"","Bible","e22c","Biblia",,
"","Scripture ","e22c","Escritura",,
"","Word_of_God","e22c","Palabra_de_Dios",,
"","message","e22d","mensaje",,
"","news","e22d","noticias",,
"","parable","e22d","parábola",,
"","report","e22d","reporte",,
"","story","e22d","historia",,
"","testimony","e22e","testimonio",,
"","witness","e22e","testigo",,
"","commandment","e22f","mandamiento",,
"","law","e22f","ley",,
"","lawful","e22f","legal",,
"","chapter","e230","capítulo",,
"","beginning","e231","comienzo",,
"","start","e231","comenzar",,
"","end","e232","fin",,
"","finish","e232","terminar",,
"","first","e233","primero",,
"","last","e234","último",,
"","birth","e235","nacimiento",,
"","born","e235","nacer",,
"","mature","e236","madurar_como_adulto",,
"","ripe ","e236","maduro",,
"","result","e237","resultado",,
"","eye","e238","ojo",,
"","see","e238","ver ",,
"","lust","e239","lujuria",,
"","sensuality","e239","sensualidad",,
" ","sexual_desire","e239","deseo_sexual",,
"","watchtower","e23a","torres_de_vigilancia",,
" ","prophecy (added this at it is listed in the SUN dictionary) ","e23b","profecía",,
"","prophesy","e23b","profetizar ",,
"","path","e23c","ruta",,
"","road","e23c","carretera",,
"","way","e23c","camino",,
"","human_nature","e23d","naturaleza_humana",,
"","door","e23e","puerta",,
"","closed","e23f","cerrado",,
"","in","e240","dentro ",,
"","in","e240","en ",,
"","inside","e240","dentro_de",,
"","out","e241","fuera",,
"","outside","e241","afuera",,
"","enter","e242","entrar",,
"","come_out","e243","salir",,
"","depart","e243","partir",,
"","leave","e243","dejar",,
"","plant","e244","planta",,
"","tree","e244","árbol",,
"","wood","e244","madera",,
"","myrrh","e245","mirra",,
"","branch","e246","rama",,
"","water","e247","agua",,
"","wet","e247","mojado",,
"","clean","e248","limpio",,
"","pure","e248","puro",,
"","dirty","e249","sucio",,
"","impure","e249","impuro",,
"","baptism","e24a","bautismo",,
"","baptize","e24a","bautizar",,
"","equal","e24b","igual",,
"","same","e24b","mismo",,
"","with","e24c","con",,
"","according_to","e24d","según",,
"","cut","e24e","cortar",,
"","knife","e24e","cuchillo",,
"","hurt","e24f","lastimar",,
"","pain","e24f","dolor",,
"","circumcise","e250","circuncidar",,
"","circumcision","e250","circuncisión",,
"","all","e251","todo",,
"","whole","e251","entero",,
"","always","e252","siempre",,
"","eternal","e252","eterno",,
"","eternity","e252","eternidad",,
"","clothing","e253","vestimenta",,
"","fabric","e253","tela",,
"","curtain","e254","cortina",,
"","leather","e255","cuero",,
"","walk","e256","caminar",,
"","stumble","e257","tropezar",,
"","run","e258","correr",,
"","dance","e259","danza",,
"","come   ","e25a","venir",,
"","visit","e25a","visita",,
"","fly","e25b","volar",,
"","bird","e25c","pájaro",,
"","rooster","e25d","gallo",,
"","dove","e25e","paloma_blanca",,
"","arrest","e25f","arresto",,
"","bound","e25f","atado",,
"","chain","e25f","cadena",,
"","imprisoned","e25f","encarcelado",,
"","free","e260","libre",,
"","freedom","e260","libertad",,
"","discourage","e261","desalentar",,
"","encourage","e262","alentar",,
"","fish","e263","pez",,
"","fisherman","e264","pescardor",,
"","boat","e265","bote",,
"","stern","e266","la_popa",,
"","sail","e267","navegar",,
"","soft","e268","suave",,
"","hard","e269","duro",,
"","rock","e26a","piedra",,
"","flesh","e26b","carne",,
"","cushion","e26c","cojín ",,
"","pillow","e26c","almohada",,
"","gentle","e26d","gentil",,
"","gentleness","e26d","mansedumbre",,
"","cloud","e26e","nube",,
"","bag","e26f","bolso",,
"","sheep","e270","oveja",,
"","shepherd","e271","pastor",,
"","moon","e272","luna",,
"","night","e272","noche",,
"","evening","e273","anochecer",,
"","cup","e274","copa",,
"","to_drink","e274","beber",,
"","drink","e274","bebida",,
"","wine","e275","vino",,
"","full","e276","lleno",,
"","empty","e277","vacío",,
"","fill","e278","llenar",,
"","grain","e279","grano",,
"","wheat","e279","trigo",,
"","seed","e27a","semilla",,
"","thorn","e27b","espina",,
"","storm","e27c","tormenta",,
"","shake","e27d","sacudir",,
"","fruit","e27e","fruta",,
"","vineyard","e27f","viña",,
"","table","e280","mesa",,
"","lampstand","e281","candelabro",,
"","sword","e282","espada",,
"","battle","e283","batalla",,
"","fight","e283","pelea",,
"","war","e283","guerra",,
"","color","e284","color",,
"","white","e285","blanco",,
"","purple","e286","morado",,
"","red","e287","rojo",,
"","wall","e288","muro",,
"","gate","e289","verja",,
"","hedge","e28a","seto",,
"","zero","e28b","cero",,
"","one","e28c","uno",,
"","two","e28d","dos",,
"","three","e28e","tres",,
"","four","e28f","cuatro",,
"","five","e290","cinco",,
"","six","e291","seis",,
"","seven","e292","siete",,
"","eight","e293","ocho",,
"","nine","e294","nueve",,
"","ten","e295","diez ",,
"","thousand","e296","mil",,
"","unity","e297","unidad",,
"","chair","e298","silla",,
"","sit","e298","sentarse",,
"","ear","e299","oído",,
"","hear ","e299","oír",,
"","heart","e29a","corazón",,
"","part ","e29b","parte",,
"","some ","e29b","algunos",,
"","pen","e29c","bolígrafo",,
"","write","e29c","escribir",,
"","belt","e29d","cinturón",,
"","box","e29e","caja",,
"","camel","e29f","camello",,
"","close","e300","cerca",,
"","near","e300","cercano",,
"","fire","e301","fuego",,
"","heat","e301","calor",,
"","hot ","e301","caliente",,
"","hole","e302","agujero",,
"","horse","e303","caballo",,
"","insect","e304","insecto",,
"","measure","e305","medida",,
"","mountain","e306","montaña",,
"","net","e307","red",,
"","new","e308","nuevo",,
"","nose","e309 ","nariz",,
"","smell","e309 ","olor",,
"","pig","e30a","cerdo",,
"","river","e30b","río",,
"","stream","e30b","arroyo",,
"","snake","e30c","serpiente",,
"","sweet","e30d","dulce",,
"","knot","e30e","nudo",,
"","tie","e30e","atar",,
"","tower","e30f","torre ",,
"","whip","e310","látigo",,
"","window","e311","ventana",,
"","air","e312","aire",,
"","straight","e313","recto",,
"","you","e314","usted ",,
"","up","e315","arriba",,
"","descend","e317","descender",,
"","forward","e318","hacia_adelante",,
"","to","e318","hacia ",,
"","down","e319","abajo",,
"","from","e31a","desde",,
"","around","e31b","alrededor",,
"","stretch","e31c","estirar",,
"","flip","e31d","voltear",,
"","change","e31e","cambio",,
"","turn","e31e","girar",,
"","transfiguration","e31f","transfiguración",,
"","transfigure","e31f","transfigurar",,
"","repent","e320","arrepentirse",,
"","repentance","e320","arrepentimiento",,
"","deep","e321","profundo",,
"","depth","e321","profundidad",,
"","arise","e322","levantar",,
"","ascend","e322","ascender",,
"","direction","e323","dirección",,
"","lower_adj.","e324","inferior_adjetivo",,
"","backward","e325","hacia_atrás",,
"","divide","e326","dividir",,
"","division","e326","división",,
"","separate","e326","separar",,
"","split","e326","partir",,
"","throw","e327","tirar",,
"","wave","e328","ola",,
"","resurrect","e329","resucitar",,
"","resurrection","e329","resurrección",,
"","buy","e32a","comprar",,
"","spend","e32a","gastar",,
"","sell","e32b","vender ",,
"","stand","e32c","estar_de_pie",,
"","leaven","e32d","levadura",,
"","smaller","e32e","más_pequeño",,
"","move","e32f","mover",,
"","against","e330","en_contra",,
"","oppose","e330","oponerse",,
"","hour","e331","hora",,
"","control","e332","control",,
"","trouble","e333","problema",,
"","Christ","e334","Cristo",,
"","Messiah","e334","Mesías",,
" ","Beelzebul","e335","Beelzebú ",,
"","Satan","e335","Satanás",,
"","John_the_Baptist","e336","Juan el Bautista",,
"","Galilee","e337","Galilea",,
"","Jerusalem","e338","Jerusalén",,
"","Judea","e339","Judea",,
"","Capernaum","e33a","Capernaúm",,
"","Tyre","e33b","Tiro",,
"","Sidon","e33c","Sidón",,
"","Canaan","e33d","Canaán",,
"","Decapolis","e33e","Decápolis",,
"","Gadara","e33f","Gadara",,
"","Gerasenes","e33f","Gadarenos",,
"","Bethsaida","e340","Betsaida ",,
"","Gennesaret","e341","Genesaret ",,
"","Syria","e342","Siria",,
"","Phoenicia","e343","Fenicia",,
"","Dalmanutha","e344","Dalmanuta",,
"","Greece","e345","Grecia",,
"","Caesarea","e346","Cesárea",,
"","Philippi","e347","Filipo",,
"","Bethphage","e348","Betfagé",,
"","Bethany","e349","Betania",,
"","Gethsemane","e34a","Getsemaní  ",,
"","Golgotha","e34b","Gólgota",,
"","Joda","e34b","Judá",,
"","month","e34c","mes ",,
"","Arimathea","e34d","Arimatea",,
"","Nazareth","e34e","Nazaret",,
"","Jordan_River","e34f","Río_Jordán",,
"","Sea_of_Galilee","e350","Mar_de_Galilea",,
"","Mount_of_Olives","e351","Monte_de_los_Olivos",,
"","Son_of_Man","e352","Hijo_del_Hombre",,
"","Mary_Magdalene","e353","María_Magdalena ",,
"","Mary","e354","María",,
"","Mary_Mother_of_Jesus","e354","María_madre_de_Jesús ",,
"","Herodias","e355","Herodes",,
"","Cephas","e356","Cefas",,
"","Simon_Peter","e356","Simón_Pedro ",,
"","Andrew","e357","Andrés",,
"","James","e358","Santiago",,
"","Zebedee","e359","Zebedeo",,
"","John","e35a","Juan   ",,
"","John_the_Disciple","e35a","Juan_el_Discípulo ",,
"","Moses","e35b","Moisés",,
"","Levi_Matthew","e35c","Leví_Mateo",,
"","Alphaeus","e35d","Alfeo",,
"","idol","e35d","ídolo",,
"","David","e35e","David",,
"","Abiathar","e35f","Abiatar",,
"","Herod ","e360","Herodes",,
"","Philip ","e361","Felipe",,
"","Bartholomew","e362","Bartolomé ",,
"","Thomas","e363","Tomás",,
"","Simon_the_Canaanite","e364","Simón_el_Zelote",,
"","Judas_Iscariot","e365","Judas_Iscariote",,
"","Legion","e366","Legión",,
"","Jairus","e367","Jairo",,
"","Juda ","e368","Judá",,
"","Judas","e368","Judas",,
"","Judas_not_Iscariot","e368","Judas_no_Iscariote",,
"","Jude","e368","Judas",,
"","Joses","e369","José",,
"","Elijah","e36a","Elías",,
"","Bartimaeus","e36b","Bartimeo",,
"","Timaeus","e36c","Timeo ",,
"","Barabbas","e36d","Barrabás ",,
"","Rufus","e36e","Rufo",,
"","Pilate","e36f","Pilato",,
"","Caesar","e370","César",,
"","Mark","e371","Marcos",,
"","Isaiah","e372","Isaías",,
"","Abraham","e373","Abraham",,
"","Isaac","e374","Isaac",,
"","Jacob","e375","Jacob",,
"","James_the_Disciple","e376","Santiago_el_Discípulo ",,
"","Paul","e377","Pablo",,
"","Idumea","e378","Idumea ",,
"","Salome","e379","Salomé",,
"","promise","e37a","promesa",,
"","Thaddaeus","e37b","Tadeo",,
"","Simon_of_Cyrene","e37c","Simón_de_Cirene",,
"","Cyrene","e37d","Cirene",,
"","untie","e37f","desatar",,
"","heaven","e380","paraíso",,
"","go ","e381","ir ",,
"","journey","e381","jornada",,
"","travel","e381","viajar",,
"","trip","e381","viaje",,
"","leprosy","e382","lepra",,
"","Pharisee","e383","Fariseo",,
"","bowl","e384","tazón",,
" ","dish","e384","platillo",,
"","Miriam","e385","Miriam",,
"","plate","e386","plato",,
"","platter","e386","el_surtido",,
"","shield","e388","escudo",,
" ","waist","e391","cintura",,
"","least","e397","lo_menos",,
"","smallest","e397","lo_más_pequeño",,
"","stick","e398","palo",,
"","cover","e39a","cubrir",,
"","become_thing","e839","convertirse_cosa",,
"","become_person","e83a","convertirse_persona",,
"","convert","e83a","convertir",,
"","remain","e83b","permanecer",,
"","stay","e83b","quedarse",,
"","how_long","e83c","cuánto_tiempo",,
"","grind","e83d","moler",,
"","stem","ea01","el_tallo",,
"","wrong","ea02","incorrecto ",,
"","Saducee","ea03","Saduceo",,
"","Israel","ea04","Israel",,
"","Herodians","ea05","Herodianos",,
"","worm","ea06","gusano",,
"","taste","ea07","probar",,
"","Jericho","ea08","Jericó",,
"","donkey","ea09","burro",,
"","murderer","ea10","asesino",,
"","wait","ea11","esperar",,
"","mock","ea12","burlarse_de",,
"","hail","ea13","aclamar",,
"","Alexander","ea14","Alejandro",,
"","Joseph","ea15","José ",,
"","Lasea","ea16","Lasea",,
"","lot","ea16","lote",,
"","lots","ea16","lotes",,
"","dark","ea17","oscuro",,
"","sponge","ea18","esponja",,
"","wrap","ea19","envolver",,
"","linen","ea20","lino",,
"","blessed","ea21","bendito",,
"","half","ea22","mitad",,
"","language","ea23","idioma",,
"","weak","ea24","débil",,
"","justice","ea25","justicia",,
"","reed","ea26","junco",,
"","stumbling_block","ea27","bloque_de_tropiezo",,
" ","Jeremiah","ea28","Jeremías",,
"","Jonah_Simons_father","ea29","Jonás_padre_de_Simón",,
"","Magadan","ea30","Magdala",,
"","south","ea31","sur",,
"","Solomon","ea32","Salomón",,
"","grass","ea33","césped",,
"","scatter","ea34","dispersión",,
"","flour","ea35","harina",,
"","dough","ea36","masa",,
"","precious","ea37","precioso ",,
"","east","ea38","Este",,
"","threshing","ea39","trilla",,
"","poor","ea3a","pobre",,
"","comfort","ea3b","consolar",,
"","altar","ea3c","altar",,
"","divorce","ea3d","divorcio",,
"","rain","ea3e","lluvia",,
"","Zebulun","ea3f","Zabulón ",,
"","Naphtali","ea40","Neftalí",,
"","Rachel","ea41","Raquel ",,
"","Ramah","ea42","Ramat",,
"","Noah","ea43","Noé",,
"","Egypt","ea44","Egipto",,
"","Bethlehem","ea45","Belén ",,
"","Uriah","ea46","Urías",,
"","Simeon","ea47","Simeón ",,
"","Simon","ea47","Simón",,
"","Nain","ea48","Naín",,
"","owe","ea49","deber",,
"","beautiful","ea4a","hermoso",,
"","beauty","ea4a","belleza",,
"","Judah","ea4b","Judá",,
"","Perez","ea4c","Fares",,
"","Zerah","ea4d","Zera",,
"","Tamar","ea4e","Tamar",,
"","Hezron","ea4f","Hezrón ",,
"","Ram","ea50","Aram",,
"","Amminadab","ea51","Aminadab",,
"","Nahshon","ea52","Naasón",,
"","Salmon","ea53","Salmón","Salmón",
"","Boaz","ea54","Booz",,
"","Rahab","ea55","Rahab",,
"","Obed","ea56","Obed",,
"","Ruth","ea57","Rut",,
"","Jesse","ea58","Isaí",,
"","Corinth","ea59","Corinto",,
"","Rehoboam","ea5a","Roboam",,
"","Abijah","ea5b","Abiam",,
"","Asa","ea5c","Asa",,
"","Jehoshaphat","ea5d","Josafat",,
"","Joram","ea5e","Joram",,
"","Uzziah","ea5f","Uzías",,
"","Jothan","ea60","Jotam",,
"","Ahaz","ea61","Acaz",,
"","Hezekiah","ea62","Ezequías ",,
"","Manasseh","ea63","Manasés",,
"","Amon","ea64","Amón",,
"","Josiah","ea65","Josías",,
"","Jechoniah","ea66","Jeconías ",,
"","Babylon","ea67","Babilonia",,
"","Shealtiel","ea68","Salatiel",,
"","Zerubbabel","ea69","Zorobabel",,
"","Abiud","ea6a","Abiud",,
"","Eliakim","ea6b","Elakim",,
"","Azor","ea6c","Azor",,
"","Zadok","ea6d","Sadoc",,
"","Achim","ea6e","Achim",,
"","Eliud","ea6f","Eliud",,
"","Eleazar","ea70","Eleazar ",,
"","Matthan","ea71","Matán",,
"","Jacob(NT)","ea72","Jacob (NT)",,
"","Joseph(NT)","ea73","José (NT)",,
"","north","ea74","norte",,
"","cloak","ea76","manto",,
"","Caiaphas","ea77","Caifás",,
"","Daniel","ea78","Daniel",,
"","trumpet","ea79","trompeta",,
"","Gomorrah","ea7a","Gomorra",,
"","Samaritan","ea7b","Samaritano",,
"","fool","ea7c","tonto",,
"","goat","ea7d","chivo",,
"","virgin","ea7e","virgen",,
"","condemn","ea7f","condenar",,
"","condemnation","ea7f","condenación",,
"","dream","ea80","sueño",,
"","vision","ea80","visión",,
"","tribe","ea81","tribu",,
"","Samaria","ea83","Samaria",,
"","guilt","ea84","culpa",,
"","guilty","ea84","culpabilidad",,
"","ox","ea85","buey",,
"","fat","ea86","grasa",,
"","sex","ea87","sexo",,
"","lightning","ea88","relámpago",,
"","west","ea89","oeste",,
"","fox","ea8a","zorro",,
"","flute","ea8b","flauta",,
"","gluttony","ea8c","glotonería ",,
"","drunk","ea8d","borracho",,
"","Sodom","ea8e","Sodoma",,
"","Chorazin","ea8f","Corazin",,
"","ash","ea90","ceniza",,
"","Simon_Jesus_brother","ea92","Simón_hermano_de_Jesús",,
"","greed","ea94","codicia",,
"","self","ea95","uno_mismo",,
"","Abel","ea96","Abel",,
"","Barachiah","ea97","Berequías ",,
"","Zechariah","ea98","Zacarías ",,
"","key","ea9d","clave",,
"","key","ea9d","llave",,
"","sanctuary","eb01","santuario",,
"","Anna","eb02","Ana ",,
" ","Hannah","eb02","Ana ",,
"","Jason","eb03","Jasón",,
"","Jesus_not_Christ","eb03","Jesús_no_Cristo",,
"","Joshua","eb03","Josué",,
"","Matthew","eb04","Mateo",,
"","island","eb05","isla",,
"","room","eb06","habitación",,
"","Athens","eb07","Atenas",,
"","confuse","eb08","confundir",,
"","yoke","eb09","yugo",,
"","Parthia","eb0a","Partos",,
"","Haran","eb0b","Harán ",,
"","Sea_of_Reeds","eb0c","Mar_de_Juncos",,
"","Aaron","eb0d","Arón",,
"","Chaldea","eb0e","Babilonia",,
"","Midian","eb0f","Madián",,
"","custom","eb10","costumbre",,
"","fat_animal","eb11","animal_gordo",,
"","Thessalonica","eb12","Tesalónica",,
"","Berea","eb13","Berea",,
"","prevail","eb14","prevalecer",,
"","triumph","eb14","triunfo",,
"","victory","eb14","victoria",,
"","queen","eb15","reina",,
"","Rome","eb16","Roma",,
"","Aquila","eb17","Aquila",,
"","Priscilla","eb18","Prisca",,
"","Sceva","eb19","Esceva",,
"","Demetrius","eb1a","Demetrio",,
"","Levi","eb1b","Leví",,
"","Pyrrhus","eb1c","Pirro ",,
"","Secundus","eb1d","Segundo",,
"","Trophimus","eb1e","Trófimo ",,
"","Eutychus","eb1f","Eutico",,
"","Assos","eb20","Asón ",,
"","Mitylene","eb21","Mitilene",,
"","Chios","eb22","Quío",,
"","Miletus","eb23","Mileto",,
"","flower","eb24","flor",,
"","Rhodes","eb25","Rodes",,
"","Mnason","eb26","Mnasón",,
"","shave","eb27","afeitar",,
"","metal","eb28","metal",,
"","iron","eb29","hierro",,
"","gold","eb2a","oro",,
"","silver","eb2b","plata",,
"","bronze","eb2c","bronce",,
"","Zeus","eb2d","Zeus",,
"","Amphipolis","eb2e","Anfípolis",,
"","Hermes_idol","eb2f","Hermes_ídolo ",,
"","Apollonia","eb30","Apolonia",,
"","Attalia","eb31","Atalia",,
"","tabernacle","eb32","tabernáculo",,
"","tent","eb32","tienda_de_campaña",,
"","strangled","eb33","estrangular",,
"","tool","eb34","herramienta",,
"","cow","eb36","vaca",,
"","Damaris","eb37","Damaris",,
"","Titus","eb38","Tito",,
"","crooked","eb39","torcido",,
"","Crispus","eb3a","Crispo",,
"","Gallio","eb3b","Galio",,
"","Sosthenes","eb3c","Sóstenes",,
"","Cenchrea","eb3d","Cencrea",,
"","Apollos","eb3e","Apolos",,
"","Tyrannus","eb3f","Tirano",,
"","Manaen","eb40","Manaén ",,
"","Silas","eb41","Silas",,
"","Seleucia","eb42","Seleucia",,
"","Derbe","eb43","Derbe",,
"","Levite","eb44","Leví",,
"","Lystra","eb44","Listra ",,
"","Sergius","eb45","Sergio ",,
"","Galatia","eb46","Galacia",,
"","Perga","eb47","Perge ",,
"","Bithynia","eb48","Bitinia",,
"","Kish","eb49","Quis",,
"","Mysia","eb4a","Misia",,
"","Benjamin","eb4b","Benjamín",,
"","Samothrace","eb4c","Samotracia",,
"","Gamaliel","eb4d","Gamaliel",,
"","Neopolis","eb4e","Neápolis",,
"","justify","eb4f","justificar",,
"","Lydia","eb50","Lidia",,
"","Lycaonia","eb51","Licaonia",,
"","Thyatira","eb52","Tiatira",,
"","Prochorus","eb53","Prócoro",,
"","Saul","eb54","Saulo",,
"","Nicanor","eb55","Nicanor",,
"","Nicolaus","eb56","Nicolás",,
"","Parmenas","eb57","Parmenas",,
"","Antioch","eb58","Antioquía ",,
"","Alexandria","eb5a","Alejandría",,
"","Cilicia","eb5b","Cilicia"," "," "
"","Mount_Sinai","eb5c","Monte_Sinaí ",,
"","Emmor","eb5d","Hamor ",,
"","Hamor","eb5d","Hamor  ",,
"","porch","eb5e","pórtico ",,
"","couch","eb5f","sofá",,
"","descendant","eb60","descendiente",,
"","prince","eb61","príncipe ",,
"","elder","eb62","anciano ",,
"","Annas","eb63","Anás",,
"","Ananias","eb65","Ananías ",,
"","Sapphira","eb66","Safira ",,
"","Theophilus","eb67","Teófilo",,
"","Luke","eb68","Lucas",,
"","Barsabbas","eb69","Barsabás ",,
"","Justus","eb6a","Justo",,
"","Stephen","eb6b","Esteban",,
"","Elam","eb6d","Elam",,
"","Pamphylia","eb6e","Panfilia",,
"","Asia","eb6f","Asia",,
"","Media","eb70","Media",,
"","Theudas","eb71","Teudas ",,
"","Mesopotamia","eb72","Mesopotamia",,
"","Libya","eb73","Libia ",,
"","Put","eb73","Fut ",,
"","Cappadocia","eb74","Capadocia",,
"","Pontus","eb75","Ponto ",,
"","Phrygia","eb76","Frigia",,
"","Arabia","eb77","Arabia",,
"","Dionysius","eb78","Dionisio ",,
"","foreknowledge","eb79","conocimiento_previo",,
"","centurion","eb7a","centurion ",,
"","Achaia","eb7c","Acaya",,
"","wing","eb7d","ala ",,
"","wings","eb7d","alas",,
"","Azotus","eb7e","Azoto",,
"","Gaza","eb7f","Gaza ",,
"","salvation","eb80","salvación",,
"","Cornelius","eb81","Cornelio",,
"","Jotham ","eb82","Jotán",,
"","corner","eb83","esquina",,
"","letter","eb84","la_letra",,
"","Candace","eb85","Candace",,
"","black","eb86","negro",,
"","demon","eb87","demonio",,
"","Cyprus","eb88","Cipre",,
"","Agabus","eb89","Agabo",,
"","Claudius","eb8a","Claudio",,
"","knock","eb8b","tocar_la_puerta",,
"","Blastus","eb8d","Blasto",,
"","Samuel","eb8e","Samuel",,
"","eunuch","eb8f","eunuco ",,
"","Believer","eb90","Creyente",,
"","Christian","eb90","Cristiano",,
"","farm","eb91","granja",,
"","field","eb91","campo ",,
"","Rhoda","eb92","Rode ",,
"","Adramyttium","eb93","Adramitena ",,
"","try","eb94","intertar",,
"","countryside","eb96","la_campiña ",,
"","Pisidia","eb97","Pisidia",,
"","citizen","eb98","ciudadano",,
"","Felix","eb99","Félix",,
"","Antipatris","eb9a","Antípatris ",,
"","Tertullus","eb9b","Tértulo",,
"","Drusilla","eb9c","Drusila ",,
"","Agrippa","eb9d","Agripa",,
"","Bernice","eb9e","Berenice",,
"","Paphos","eb9f","Pafos",,
"","Bethesda","eba0","Betesda",,
"","Aenon","eba1","Enón ",,
"","Cana","eba2","Caná",,
"","Ephraim","eba3","Efraín",,
"","Ephraim_city","eba4","Ciudad_Efraín",,
"","finger","eba5","dedo",,
"","Kidron_Valley","eba6","Valle_de_Cedrón",,
"","valley","eba7","valle",,
"","Latin","eba8","Latín",,
"","manna","eba9","maná",,
"","nail","ebaa","clavo",,
"","Nicodemus","ebab","Nicodemo",,
"","passion","ebac","pasión",,
"","pavement","ebad","pavimento",,
"","Salim","ebae","Salim",,
"","Sea_of_Tiberias","ebaf","Mar_de_Tiberias",,
"","Tiberias","ebb0","Tiberias",,
"","Siloam","ebb1","Siloé  ",,
"","week","ebb2","semana",,
"","well","ebb3","pozo",,
"","word","ebb4","palabra",,
"","Clopas","ebb5","Cleofas",,
"","Didymus","ebb6","Dídimos",,
"","Malchus","ebb7","Malco",,
"","Word","ebb8","Palabra",,
"","Ampliatus","ebb9","Amplias ",,
"","Andronicus","ebba","Andrónico",,
"","Aristobulus","ebbc","Aristóbulo ",,
"","armor","ebbd","armadura",,
"","Asyncritius – Asyncritus (ulb)","ebbe","Asíncrito ",,
"","Baal","ebbf","Baal",,
"","counted","ebc0","contado",,
"","credit","ebc0","crédito",,
"","reckon","ebc0","creer",,
"","Epaenetus","ebc1","Epeneto",,
"","Esau","ebc2","Esaú",,
"","creation","ebc3","creación",,
"","Hermas","ebc4","Hermas",,
"","Hosea","ebc5","Oseas",,
"","Illyricum","ebc6","Ilírico",,
"","Julia","ebc7","Julia",,
"","Junia","ebc8","Junias",,
"","Narcius","ebc9","Narciso",,
"","Nereus","ebca","Nereo",,
"","Olympus","ebcb","Olimpas",,
"","Patrobas","ebcc","Patrobas",,
"","Apelles","ebcd","Apeles",,
"","looks_like","ebcd","parecerse_a",,
"","Persis","ebce","Pérsida ",,
"","Philologus","ebcf","Filólogo  ",,
"","Phlegon","ebd1","Flegonte  ",,
"","Phoebe","ebd2","Febe",,
"","Quartus","ebd3","Cuarto",,
"","Rebekah","ebd4","Rebeca",,
"","Sarah","ebd5","Sarah",,
"","Spain","ebd6","España",,
"","Stachys","ebd7","Estaquis",,
"","Tryphaena","ebd8","Trifena",,
"","Tryphosa","ebd9","Trisofa",,
"","Urbanus","ebda","Urbano ",,
"","bribe","ebdb","soborno",,
"","Lot","ebdc","Lot",,
"","Asher_land","ebdd","Tierra_de_Aser",,
"","Asher","ebde","Aser",,
"","ring","ebdf","anillo",,
"","leg","ebe0","pierna",,
"","Salamis","ebe1","Salamina",,
"","Chloe","ebe2","Cloé",,
"","cymbal","ebe3","címbalo ",,
"","drum","ebe3","tambor",,
"","free_no_cost","ebe4","libre_de_costo",,
"","gong","ebe5","gong",,
"","mirror","ebe6","espejo ",,
"","important","ebe7","importante",,
"","order","ebe7","orden",,
"","priority","ebe7","prioridad",,
"","loud","ebe8","ruidoso",,
"","noise","ebe9","ruido ",,
"","sound","ebe9","sonido",,
"","Stephanas","ebea","Estéfanas",,
"","Eve","ebeb","Eva",,
"","clay","ebec","barro",,
"","Hermes","ebed","Hermes",,
"","Tertius","ebee","Tercio",,
"","apostle","ebef","apóstol",,
"","Herodion","ebf1","Herodión",,
"","another","ebf2","otro",,
"","next","ebf2","próximo",,
"","sharp","ebf3","afilado",,
"","Patmos","ebf4","Patmos",,
"","Smyrna","ebf5","Esmirna",,
"","Pergamun","ebf6","Pérgamo",,
"","Sardis","ebf7","Sardis",,
"","Philadelphia","ebf8","Filadelfia",,
"","Laodicea","ebf9","Laodicea",,
"","wool","ebfa","lana",,
"","snow","ebfb","nieve",,
"","church","ebfc","iglesia",,
" ","ambassador","ebfd","embajador",,
"","weary","ebfe","cansado",,
"","Balak","ebff","Balac",,
"","Matthias","eb04","Matías",,
"","Antipas","ec01","Antipas",,
"","Timothy","ec02","Timoteo",,
"","smoke","ec03","humo",,
"","philosopher","ec04","filósofo",,
"","Epicurean","ec05","Epicúreos",,
"","Stoic","ec06","Estoicos",,
"","Julius","ec07","Julio",,
"","Ptolemais","ec08","Tolemaida",,
"","Troas","ec0b","Troas",,
"","Ephesus","ec0c","Éfeso",,
"","Macedonia","ec0d","Macedonia",,
"","Erastus","ec0e","Erasto",,
"","Gaius","ec0f","Gayo ",,
"","Aristarchus","ec10","Aristarco ",,
"","Lycia","ec13","Cilicia ",,
"","Cnidus","ec14","Gnido ",,
"","Salmone","ec15","Salmón ",,
"","Adriatic_Sea","ec17","Mar_Adriático ",,
"","Fair_Haven","ec18","Asilo_Justo ",,
"","Malta","ec19","Malta",,
"","Publius","ec1a","Publio",,
"","twin","ec1b","gemelo",,
"","Syracuse","ec1c","Siracusa",,
"","Rhegium","ec1d","Regio",,
"","Puteoli","ec1e","Puteoli",,
"","Iconium","ec1f","Iconio",,
"","Sopater","ec20","Sópater ",,
"","Sosipater","ec20","Sosípater",,
"","test","ec21","examen",,
"","Creator","ec22","Creador",,
"","Patara","ec23","Pátara",,
"","Samos","ec25","Samos",,
"","Molech","ec26","Moloc",,
"","forest","ec27","bosque",,
"","Myra","ec28","Mira",,
"","Phoenix","ec29","Fenice",,
"","Aeneas","ec2a","Eneas",,
"","Sharon","ec2b","Sarón",,
"","Dorcas","ec2c","Dorcas",,
"","Joppa","ec2d","Jope",,
"","Lydda","ec2e","Lida",,
"","Barnabas","ec2f","Bernabé ",,
"","Tarsus","ec30","Tarso",,
"","Damascus","ec31","Damasco",,
"","Cush","ec32","Cus",,
"","Ethiopia","ec32","Etiopía",,
"","religion","ec33","religión",,
"","sect","ec33","secta",,
"","Artemas","ec34","Artemas",,
"","Areopagus","ec35","Areópago ",,
"","Cauda","ec36","Cauda",,
"","Clauda","ec36","Cauda",,
"","Lysias","ec37","Lisias ",,
"","Porcius","ec38","Porcio",,
"","Gabriel","ec39","Gabriel",,
"","Elizabeth","ec3a","Elisabet",,
"","Quirinius","ec3b","Cirenio",,
"  ","Phanuel","ec3c","Fanuel",,
"","Tiberius","ec3d","Tiberio",,
"","Ituraea","ec3e","Iturea ",,
"","Trachonitis","ec3f","Traconite ",,
"","Lysanias","ec40","Lisanias ",,
"","winnowing_fork","ec41","horquilla_de_aventar",,
"","threshing_floor","ec42","la_era",,
"","storehouse","ec43","almacén",,
"  ","Eli","ec44","Elí ",,
"  ","Heli","ec44","Elí ",,
"  ","Melchi","ec45","Melqui",,
"","Jannai","ec46","Jana",,
"","Amos","ec47","Amós",,
"","Nahum","ec48","Nahúm",,
"","Esli","ec49","Eslí",,
"","Naggai","ec4a","Nagay",,
"","Maath","ec4b","Maat",,
"","Joanan","ec4c","Joana",,
"","Abilene","ec4d","Abilinia",,
"","Abyss","ec4e","Abismo",,
"","Adam","ec4f","Adán",,
"","Addi","ec50","Adí ",,
"","Admin","ec51","Admín",,
"","Arni - Aram (ulb)","ec52","Aram",,
"","Arphaxad","ec53","Arfaxad",,
"","awake","ec54","despertar",,
"","bank","ec55","banco",,
"","Cain","ec56","Caín",,
"","Cainan","ec56","Cainán",,
"","Chuza","ec57","Chuza",,
"","Cleopas","ec58","Cleofas",,
"  ","Cosam","ec59","Cosam",,
"","Eber  ","ec5a","Éber",,
"","Eliezer","ec5b","Eliezer",,
"","Elisha","ec5c","Eliseo",,
"","Elmadam","ec5d","Elmodam",,
"","Emmaus","ec5e","Emaús",,
"","Enoch","ec5f","Enoc",,
"","Enos","ec60","Enós",,
"","Er","ec61","Er",,
"","Jared","ec62","Jared",,
"","Joanna","ec63","Joana",,
"","Jorim","ec64","Jorim",,
" ","lake","ec65","lago",,
"","Lamech","ec66","Lamec",,
"","Lazarus","ec67","Lázaro",,
"","Mahalaleel","ec68","Mahalaleel",,
"","Martha","ec69","Marta",,
"","Melea","ec6a","Melea",,
"","Menna","ec6b","Mainán",,
"","Methuselah","ec6c","Matusalén ",,
"","Naaman","ec6d","Naamán",,
"","Nahor","ec6e","Najor",,
"","Nathan","ec6f","Natán",,
"","Nathaniel","ec6f","Natanael",,
"","Neri","ec70","Nerías ",,
"","Peleg","ec71","Péleg",,
"","plow","ec72","arar",,
"","proverb","ec73","proverbio",,
"","Reu","ec74","Ragau",,
"","Rhesa","ec75","Resa",,
"","Salathiel","ec76","Salatiel",,
"","scorpion","ec77","escorpión ",,
"","Serug","ec78","Serug",,
"","Seth","ec79","Set ",,
"","Shelah","ec7a","Selaj",,
"","Shem","ec7b","Sem ",,
"","Susanna","ec7c","Susana ",,
"","Terah","ec7d","Téraj",,
"","Zacchaeus","ec7e","Zaqueo",,
"","Zarephath","ec7f","Sarepta",,
"","ancestor","ec80","ancestro",,
"","pentecost","ec81","pentecostés",,
"","Pentecost","ec81","Pentecostés",,
"","chariot","ec82","carro",,
"","farewell","ec83","despedida",,
"","throne","ec84","trono ",,
"","savior","ec85","salvador",,
"","burden","ec86","carga",,
"","case","ec87","caso",,
"","trial","ec87","prueba",,
"","ceremony","ec88","ceremonia",,
"","Bar_Jesus_not_Christ","ec89","Barjesús_no_Cristo",,
"","magician","ec8a","mago ",,
"","sky","ec8b","cielo",,
"","sorcery","ec8c","hechicería",,
"","Crete","ec8d","Cretenses",,
"","Freedmen","ec8e","Libertos",,
"","Hebrew","ec8f","Hebreos",,
"","Italy","ec90","Italia",,
"","vine","ec91","vino",,
"","Joel","ec92","Joel",,
"","Lucius","ec93","Lucio",,
"","Pharaoh","ec94","Faraón",,
"","Shechem","ec95","Siquén",,
"","Timon","ec96","Timón",,
"","incense","ec98","incienso",,
"","rough","ec99","áspero",,
"","smooth","ec9a","liso",,
"","Jonam","ec9b","Jonán",,
"","Mattatha","ec9c","Matata",,
"","Mattathias","ec9d","Matatías",,
"","Semien","ec9e","Semeí",,
"","elect","ec9f","elegir",,
"","Balaam","eca1","Balaam",,
"","Jezebel","eca2","Jezabel",,
"","milk","eca3","leche",,
"","Fortunatus","eca4","Fortunato",,
"","Achaicus","eca5","Acaico",,
"","Aretas","eca6","Aretas",,
"","harsh","eca7","severo",,
"","stern_words","eca7","palabras_severas",,
"","pillar","eca8","pilar",,
"","Silvanus","eca9","Silvano",,
"","Hymenaeus","ecaa","Himeneo",,
"","Hagar","ecab","Hagar",,
"","Philetus","ecac","Fileto",,
"","Carpus","ecad","Carpo",,
"","Claudia","ecae","Claudia",,
"","Crescan","ecaf","Crescente",,
"","Linus","ecb0","Lino",,
"","Dalmatia","ecb1","Dalmacia",,
"","Demes","ecb2","Demas",,
"","Eubulus","ecb3","Eubulo",,
"","Eunice","ecb4","Eunice",,
"","Hermogenes","ecb5","Hermógenes  ",,
"","lion","ecb6","león",,
"","Lois","ecb7","Loida",,
"","Onesimus","ecb8","Onésimo",,
"","Onesiphorus","ecb8","Onesíforo",,
"","Phygelus","ecb9","Figelo",,
"","Pudens","ecba","Pudente",,
"","Tychicus","ecbb","Tíquico",,
"","Jambres","ecbc","Jambre",,
"","Gad","ecbd","Gad",,
" ","Jannes","ecbe","Janes ",,
"","arrow","ecbf","flecha",,
"","Reuben","ecc0","Rubén",,
"","height","ecc1","altura",,
"","length","ecc2","largo",,
"","pastor","ecc3","pastor",,
"","wide","ecc4","ancho",,
"","horn","ecc5","cuerno",,
"","harp","ecc6","arpa",,
"","string","ecc7","cuerda",,
"","bow_arrow","ecc8","arco_y_flecha",,
"","eagle","ecc9","águila",,
"","Issachar","ecce","Isacar",,
"","thirst","eccf","sed ",,
"","thirsty","eccf","sediento",,
"","burn","ecd0","quemadura",,
"","burnt","ecd0","quemado",,
"","green","ecd1","verde",,
"","bitter","ecd2","amargo",,
"","Wormwood","ecd3","Ajenjo",,
"","locust","ecd4","langostas",,
"","breastplate","ecd5","coraza",,
"","tail","ecd6","cola",,
"","Abaddon","ecd7","Abadón ",,
"","Appolyon","ecd7","Apolión",,
"","Euphrates_River","ecd8","Río_Éufrates",,
"","million","ecd9","millón ",,
"","blue","ecda","azul",,
"","yellow","ecdb","amarillo",,
"","rainbow","ecdc","arco_iris",,
"","hail_storm","ecdd","tormenta_de_granizo",,
"","glass","ecde","vidrio",,
"","dragon","ecdf","dragon",,
"","flood","ece0","inundación ",,
"","Michael","ece1","Miguel",,
"  ","Diotrephes","ece2","Diótrefes",,
"","Clement","ece3","Clemente",,
"","Epaphras","ece4","Epafras",,
"","Epaphroditus","ece4","Epafrodito",,
"  ","Euodia","ece5","Evodia",,
"","Syntyche","ece6","Síntique",,
"","Archippus","ece7","Arquipo",,
"","Colossae","ece8","Colosas",,
"","Hierapolis","ece9","Hierápolis",,
"  ","Nympha","ecea","Ninfa",,
"","Scythia","eceb","Escita ",,
"","complete","ecec","completo",,
"","perfect","ecec","perfecto",,
"","own","eced","ser_dueño_de",,
"","breath","ecee","aliento",,
"","breathe","ecee","respirar",,
"","bear","ecef","oso",,
"","example","ecf0","ejemplo",,
"","pattern","ecf0","patrón",,
"","Apphia","ecf1","Apia",,
"","Philemon","ecf2","Filemón",,
"","Korah","ecf3","Coré",,
"","grape","ecf4","uva",,
"","Mount_Zion","ecf5","Monte_Sión",,
"","frog","ecf6","rana",,
"","Gog","ecf7","Gog",,
"","leopard","ecf8","leopardo",,
"","Magog","ecf9","Magog"," "," "
"","meaning","ecfa","significado",,
"","Megiddo","ecfb","Meguido",,
"","harlot","ecfc","ramera",,
"","prostitute","ecfc","prostituta",,
"","sand","ecfd","arena",,
"","spice","ecfe","especia",,
"","different","ecff","diferente",,
"","same_kind","ed00","mismo_tipo",,
"","type","ed00","tipo",,
"","blemish","ed01","defecto",,
"","spot","ed01","mancha",,
"","Barak","ed02","Barac",,
"","Gideon","ed03","Gedeón ",,
"","Jephthah","ed04","Jefté",,
"","Melchizedek","ed05","Melquisedec",,
"","Samson","ed06","Sansón",,
"","spy","ed07","espía",,
"","Nicopolis","ed08","Nicópolis",,
"","Zenas","ed09","Zenas",,
"","jump","ed0a","saltar",,
"","leap","ed0a","salto",,
"","Job","ed0b","Job",,
"","avenge","ed0c","vengar",,
"","revenge","ed0c","vengarse",,
"","vengeance","ed0c","venganza",,
"","thigh","ed0d","muslo",,
"","Antichrist","ed0e","Anticristo",,
"","tithe","ed0f","diezmo",,
"","right_time","ed10","momento_oportuno",,
"","Matthat","ed12","Matat",,
"","olive","eda1","olivo",,
"","fig","eda2","higo",,
"","Beor","eda3","Beor",,
"","crown","eda4","corona",,
"","discipline","eda5","disciplina ",,
"me poss","mine","e168","mio",,
"me poss","my","e168","mi",,
"we poss","our","e169","nuestro",,
"we poss","ours","e169","nuestros",,
